customer_id	first_name	last_name	age	email	gender	membership_status	join_date	country	phone_number
1	Kelli	Humblestone	40	khumblestone0@blogtalkradio.com	Female	active	8/14/2011	Germany	+49 583 527 3654
2	Layne	Haddacks	19	lhaddacks1@goodreads.com	Genderqueer	active	9/9/2022	Japan	+81 433 350 2625
3	Rabi	Oglethorpe	25	roglethorpe2@zdnet.com	Male	active		Cameroon	+237 636 364 8625
4	Kameko	McCathie	45	kmccathie3@t.co	Female	active	5/29/2021	Canada	+1 437 325 0186
5	Clerkclaude	Lambersen	57	clambersen4@uol.com.br	Male	pending	8/29/2019	Japan	+81 923 285 0143
6	Broderic	Cayle	24	bcayle5@trellian.com	Male	active	6/25/2016	Czech Republic	+420 662 174 9530
7	Fredrick	Mee	59	fmee6@mozilla.org	Male	NULL	5/12/2015	Canada	+1 852 380 5272
8	Neil	Ashbe	22	nashbe7@theguardian.com	Agender	NULL	2/13/2015	Canada	+1 143 312 3217
9	Ashla	Pervoe	73	apervoe8@chronoengine.com	Female	inactive	8/25/2011	Japan	+81 820 451 3528
10	Donovan	Towl	38	dtowl9@acquirethisname.com	Male	active	8/18/2013	Japan	+81 441 702 3636
11	Davin	Rakes	65	drakesa@miitbeian.gov.cn	Male	pending	3/2/2021	Japan	+81 320 283 9140
12	Marilyn	O'Glessane	30	moglessaneb@odnoklassniki.ru	Female	active	7/23/2019	Czech Republic	+420 546 472 0058
13	Dyana	Carillo	62	dcarilloc@who.int	Female	NULL	12/9/2021	Japan	+81 885 575 5786
14	Jeanne	Waterland	21	jwaterlandd@hexun.com	Female	pending	1/24/2023	Czech Republic	+420 921 706 4062
15	Sonja	Cockrell	82	scockrelle@zdnet.com	Female	inactive	10/30/2022	Canada	+1 772 443 3155
16	Maribeth	Ducrow	45	mducrowf@admin.ch	Female	NULL	10/1/2011	Czech Republic	+420 803 948 9074
17	Belia	Garfit	81	bgarfitg@tripod.com	Female	NULL	3/4/2012	Czech Republic	+420 489 680 2765
18	Wolfy	Healing	61	whealingh@nifty.com	Male	NULL	12/22/2023	Canada	+1 258 911 1029
19	Shepperd	Stuttman	24	sstuttmani@sogou.com	Male	inactive	9/5/2014	Canada	+1 360 296 5499
20	Isidora	O Sullivan	56	iosullivanj@behance.net	Female	pending	3/2/2016	Japan	+81 749 675 8690
21	Eirena	Gare	79	egarek@about.com	Female	pending	8/27/2018	Czech Republic	+420 873 589 9855
22	Floria	Briiginshaw	53	fbriiginshawl@auda.org.au	Non-binary	active	12/30/2016	Japan	+81 310 149 6415
23	Fredrick	McKay	29	fmckaym@github.io	Male	inactive	10/23/2013	Czech Republic	+420 195 126 8399
24	Janel	Bardwall	35	jbardwalln@chronoengine.com	Female	NULL	5/5/2011	Japan	+81 103 929 4869
25	Trip	Nore	69	tnoreo@over-blog.com	Polygender	NULL	1/4/2010	Canada	+1 120 610 5428
26	Reinaldos	Libreros	19	rlibrerosp@ucsd.edu	Male	NULL		Canada	+1 969 623 7474
27	Jonah	Furse	73	jfurseq@arstechnica.com	Male	NULL	12/18/2017	Cameroon	+237 430 539 3289
28	Carmen	McCrow	43	cmccrowr@ask.com	Female	NULL	1/20/2012	Germany	+49 899 260 9082
29	Brocky	Muehler	18	bmuehlers@japanpost.jp	Bigender	NULL	2/10/2012	Czech Republic	+420 949 861 9872
30	Lauren	McKirdy	40	lmckirdyt@4shared.com	Male	inactive	7/30/2011	Czech Republic	+420 353 492 2700
31	Wallie	Inglesent	18	winglesentu@wikimedia.org	Male	inactive	5/13/2023	Czech Republic	+420 294 636 5912
32	Em	Trevascus	19	etrevascusv@smh.com.au	Male	pending	9/2/2012	Japan	+81 937 404 6779
33	Archie	Dongate	70	adongatew@engadget.com	Male	inactive	12/6/2012	Canada	+1 720 201 1681
34	Raphaela	Senecaut	82	rsenecautx@theglobeandmail.com	Female	active	4/8/2023	Germany	+49 734 112 8683
35	Spence	Blankley	29	sblankleyy@ebay.com	Genderfluid	active	9/27/2013	Japan	+81 183 389 8249
36	Melvyn	Bloy	58	mbloyz@cnn.com	Male	pending	8/22/2014	Japan	+81 887 648 5352
37	Benny	Mansour	41	bmansour10@scribd.com	Male	inactive	6/24/2021	Czech Republic	+420 113 903 6693
38	Tonie	Yegorchenkov	63	tyegorchenkov11@over-blog.com	Female	NULL	11/19/2023	Canada	+1 692 576 0427
39	Boyd	Auguste	65	bauguste12@stanford.edu	Male	inactive	1/8/2020	Canada	+1 396 655 2768
40	Rodney	Isacoff	72	risacoff13@mysql.com	Genderqueer	NULL	6/15/2023	Japan	+81 236 759 8973
41	Cristen	Austin	32	caustin14@elegantthemes.com	Female	inactive	4/12/2017	Czech Republic	+420 681 420 0709
42	Ruttger	Wasiel	69	rwasiel15@ft.com	Male	active	11/30/2010	Czech Republic	+420 130 573 3363
43	Darlene	Conlaund	61	dconlaund16@chron.com	Female	active	8/16/2013	Japan	+81 999 915 3036
44	Jarvis	Pope	66	jpope17@twitpic.com	Polygender	inactive	7/3/2016	Czech Republic	+420 306 745 5384
45	Doloritas	Highman	34	dhighman18@scientificamerican.com	Female	inactive	7/30/2016	Japan	+81 838 488 8858
46	Zacharias	Marle	60	zmarle19@artisteer.com	Polygender	pending	8/12/2010	Japan	+81 454 244 3863
47	Nate	Threadgill	36	nthreadgill1a@imageshack.us	Male	active	1/31/2015	Czech Republic	+420 276 470 2083
48	Spenser	Hedling	85	shedling1b@ox.ac.uk	Male	pending	7/31/2019	Japan	+81 302 595 5041
49	Stephi	Bees	50	sbees1c@angelfire.com	Female	pending	5/12/2016	Japan	+81 178 996 8128
50	Far	Kolakovic	22	fkolakovic1d@angelfire.com	Male	inactive	5/12/2022	Japan	+81 310 864 7261
51	Rubie	Wyldish	80	rwyldish1e@google.co.uk	Female	NULL	5/12/2011	Czech Republic	+420 290 249 3702
52	Lorrin	Ubanks	42	lubanks1f@freewebs.com	Female	NULL	12/16/2021	Czech Republic	+420 780 455 1889
53	Flore	Braunston	73	fbraunston1g@barnesandnoble.com	Female	pending	5/4/2023	Japan	+81 641 871 7662
54	Willie	Cancellor	80	wcancellor1h@amazonaws.com	Female	inactive	7/22/2012	Japan	+81 228 350 3581
55	Dom	Phoebe	18	dphoebe1i@rakuten.co.jp	Male	active		Czech Republic	+420 365 438 2172
56	Morey	Crocetto	84	mcrocetto1j@craigslist.org	Male	active	4/11/2010	Canada	+1 967 491 4739
57	Clair	Greneham	51	cgreneham1k@meetup.com	Agender	pending	5/6/2016	Czech Republic	+420 143 693 1058
58	Karie	MacGee	59	kmacgee1l@goo.ne.jp	Female	active	7/5/2017	Canada	+1 421 941 9218
59	Lola	Annon	60	lannon1m@princeton.edu	Female	NULL	3/21/2011	Japan	+81 795 713 0494
60	Sharla	Friskey	56	sfriskey1n@barnesandnoble.com	Female	pending		Czech Republic	+420 880 244 5236
61	Dorree	Plumm	50	dplumm1o@theguardian.com	Female	pending	10/3/2021	Japan	+81 559 648 3914
62	Sydelle	Eastway	80	seastway1p@angelfire.com	Female	active	8/1/2022	Japan	+81 250 195 4289
63	Westley	Gascoyne	76	wgascoyne1q@columbia.edu	Male	active	5/14/2016	Japan	+81 541 392 6401
64	Abner	Cogan	78	acogan1r@shop-pro.jp	Male	inactive	1/30/2013	Japan	+81 897 256 6375
65	Quinlan	Jesse	71	qjesse1s@yahoo.co.jp	Male	inactive		Germany	+49 186 489 1036
66	Betteanne	Patzelt	52	bpatzelt1t@mapquest.com	Female	inactive	9/20/2016	Canada	+1 339 855 3955
67	Moira	Roggerone	80	mroggerone1u@themeforest.net	Female	active	7/1/2016	Japan	+81 125 937 8100
68	Nara	Lorenzo	30	nlorenzo1v@fema.gov	Female	active	9/1/2012	Japan	+81 802 330 4169
69	Archy	Vynarde	36	avynarde1w@ucoz.com	Bigender	active	6/15/2013	Canada	+1 951 816 2077
70	Miltie	Cokly	63	mcokly1x@booking.com	Male	inactive	10/14/2016	Canada	+1 292 699 6737
71	Debee	Pickthorne	55	dpickthorne1y@nih.gov	Polygender	inactive	10/19/2020	Japan	+81 731 573 7497
72	Giralda	Choat	25	gchoat1z@who.int	Female	pending	1/5/2011	Czech Republic	+420 743 848 1583
73	Archaimbaud	Thow	76	athow20@guardian.co.uk	Male	pending	10/9/2011	Czech Republic	+420 146 692 5519
74	Janice	Briers	66	jbriers21@nydailynews.com	Female	pending	5/15/2014	Japan	+81 321 767 7417
75	Nicolette	Gilluley	46	ngilluley22@desdev.cn	Female	pending	11/13/2019	Germany	+49 785 761 0720
76	Robbie	Gregon	40	rgregon23@istockphoto.com	Male	inactive	9/25/2013	Japan	+81 752 832 1356
77	Jodi	Jinkins	20	jjinkins24@state.gov	Male	NULL	3/22/2015	Canada	+1 392 332 4566
78	Yul	Scobie	57	yscobie25@slate.com	Male	pending	2/17/2015	Canada	+1 680 188 5446
79	Nicolas	Eggleson	45	neggleson26@usgs.gov	Male	NULL	7/14/2018	Japan	+81 252 231 1482
80	Haskel	Rodolico	20	hrodolico27@google.es	Male	inactive	6/29/2023	Canada	+1 792 533 8077
81	Sharla	Wolpert	70	swolpert28@gravatar.com	Female	inactive	9/3/2016	Japan	+81 792 414 8197
82	Prisca	Klimpt	83	pklimpt29@acquirethisname.com	Female	pending	5/27/2012	Japan	+81 187 982 7653
83	Lisha	Bennough	55	lbennough2a@creativecommons.org	Female	active	9/28/2020	Japan	+81 337 680 9089
84	Merla	Eastam	43	meastam2b@so-net.ne.jp	Female	active	9/19/2022	Canada	+1 941 855 2982
85	Arni	Long	25	along2c@nasa.gov	Male	inactive	6/10/2011	Germany	+49 843 114 6379
86	Laney	Olexa	46	lolexa2d@foxnews.com	Male	NULL	4/27/2020	Czech Republic	+420 100 196 1049
87	Trev	Keld	24	tkeld2e@cmu.edu	Male	inactive	6/20/2023	Canada	+1 849 612 6376
88	Elli	Mathonnet	40	emathonnet2f@sciencedirect.com	Female	active	1/11/2020	Germany	+49 128 717 4504
89	Patrizio	Muggeridge	63	pmuggeridge2g@joomla.org	Male	inactive	10/19/2010	Japan	+81 476 976 7016
90	Riccardo	Rivitt	39	rrivitt2h@accuweather.com	Male	inactive	9/14/2020	Czech Republic	+420 563 121 5474
91	Ivan	Daw	56	idaw2i@paypal.com	Male	active	7/13/2022	Cameroon	+237 903 608 5984
92	Ginelle	Glanister	45	gglanister2j@sbwire.com	Female	NULL	11/10/2014	Czech Republic	+420 688 855 6150
93	Brook	Hay	30	bhay2k@wikimedia.org	Female	inactive	6/21/2021	Czech Republic	+420 558 591 3758
94	Shalna	Brookton	71	sbrookton2l@kickstarter.com	Female	active	5/25/2013	Czech Republic	+420 434 680 3663
95	Mill	Weaben	68	mweaben2m@blog.com	Male	pending	5/18/2020	Canada	+1 563 286 1519
96	Isobel	Gilliver	35	igilliver2n@ameblo.jp	Female	inactive	7/15/2011	Japan	+81 189 191 0104
97	Daloris	Beavers	36	dbeavers2o@techcrunch.com	Female	NULL	6/7/2016	Czech Republic	+420 786 439 1368
98	George	Hatherley	37	ghatherley2p@shareasale.com	Male	NULL	4/26/2015	Canada	+1 415 827 5461
99	Rodney	Southcomb	41	rsouthcomb2q@ocn.ne.jp	Male	NULL	2/6/2011	Canada	+1 859 493 6157
100	Karine	Hursey	20	khursey2r@ustream.tv	Female	inactive	5/25/2017	Japan	+81 992 236 5333
101	Corissa	Suddock	21	csuddock2s@people.com.cn	Genderqueer	inactive	6/2/2022	Czech Republic	+420 497 633 6966
102	Adolphe	Lutsch	46	alutsch2t@phpbb.com	Male	active	10/12/2021	Canada	+1 965 816 1973
103	Edouard	Medway	55	emedway2u@github.com	Male	inactive	11/13/2016	Czech Republic	+420 191 705 6577
104	Valentin	Earthfield	82	vearthfield2v@shareasale.com	Male	inactive	1/15/2015	Canada	+1 953 511 5225
105	Doralyn	Triggle	75	dtriggle2w@ft.com	Female	pending	4/16/2010	Japan	+81 291 498 7093
106	Elena	Gourley	30	egourley2x@tmall.com	Bigender	active	10/21/2013	Czech Republic	+420 783 970 3455
107	Constantin	Torrie	28	ctorrie2y@salon.com	Male	NULL	8/12/2020	Canada	+1 613 260 4950
108	Weylin	Phonix	84	wphonix2z@nsw.gov.au	Male	NULL	5/25/2011	Japan	+81 846 848 4744
109	Franklyn	Cleeve	57	fcleeve30@feedburner.com	Non-binary	NULL	3/29/2022	Japan	+81 815 923 1162
110	Garey	Warstall	22	gwarstall31@posterous.com	Male	inactive	8/29/2022	Japan	+81 900 524 4346
111	Kora	Furby	61	kfurby32@twitpic.com	Female	NULL	11/8/2019	Czech Republic	+420 121 488 2720
112	Karie	Cheel	74	kcheel33@delicious.com	Female	pending	4/11/2014	Czech Republic	+420 134 199 1498
113	Valle	Verma	38	vverma34@craigslist.org	Male	NULL	4/1/2021	Germany	+49 316 228 0702
114	Rudie	Lundbeck	58	rlundbeck35@dedecms.com	Male	inactive	3/11/2012	Germany	+49 629 463 9669
115	Chick	Di Maggio	82	cdimaggio36@usda.gov	Male	inactive	3/23/2020	Czech Republic	+420 780 579 2000
116	Adam	Tincey	65	atincey37@google.pl	Male	inactive	4/6/2018	Czech Republic	+420 365 241 9116
117	Antin	Cantopher	53	acantopher38@ow.ly	Male	active	6/6/2016	Canada	+1 124 141 6182
118	Gayle	Curd	47	gcurd39@example.com	Male	active	3/4/2012	Czech Republic	+420 279 751 2475
119	Normand	Skellington	36	nskellington3a@tinyurl.com	Male	NULL	2/4/2013	Japan	+81 700 932 6618
120	Amitie	Bleaden	74	ableaden3b@wikimedia.org	Female	pending	7/4/2012	Canada	+1 472 782 5588
121	Cissy	Pugh	23	cpugh3c@wsj.com	Genderqueer	active		Japan	+81 987 101 8817
122	Rosemonde	Lanfere	36	rlanfere3d@yellowpages.com	Female	inactive	12/9/2014	Japan	+81 152 488 3656
123	Gardner	Woolfitt	47	gwoolfitt3e@behance.net	Male	pending	3/3/2020	Czech Republic	+420 302 396 2166
124	Titus	Jephson	56	tjephson3f@eepurl.com	Male	active	2/16/2017	Canada	+1 593 124 6944
125	Fraser	Alessandretti	84	falessandretti3g@hhs.gov	Agender	active	8/31/2016	Czech Republic	+420 263 899 3336
126	Dale	Haswell	67	dhaswell3h@cnn.com	Male	active	10/28/2016	Czech Republic	+420 545 797 3618
127	Rowland	Dockrell	85	rdockrell3i@icq.com	Male	inactive	11/24/2020	Czech Republic	+420 551 727 0209
128	Sydney	Island	80	sisland3j@jiathis.com	Male	inactive	7/6/2018	Czech Republic	+420 731 757 6704
129	Cristabel	Motten	85	cmotten3k@youtu.be	Female	inactive	3/19/2018	Japan	+81 357 502 6737
130	Burg	Dioniso	71	bdioniso3l@mit.edu	Polygender	active	1/28/2015	Germany	+49 829 652 3378
131	Lance	Tunnicliffe	35	ltunnicliffe3m@msn.com	Male	pending	10/25/2011	Saudi Arabia	+966 184 416 7797
132	Georgeanne	MacKenzie	65	gmackenzie3n@shutterfly.com	Female	active	11/29/2013	Czech Republic	+420 293 711 8331
133	Ryan	Millyard	36	rmillyard3o@who.int	Male	active	5/2/2011	Japan	+81 673 980 0957
134	Norton	Glyn	81	nglyn3p@is.gd	Male	NULL	5/29/2023	Canada	+1 630 848 1013
135	Adina	Cotterrill	82	acotterrill3q@nps.gov	Female	pending	11/22/2018	Japan	+81 537 947 8549
136	Wilmar	Malyan	80	wmalyan3r@cafepress.com	Male	inactive	10/8/2015	Czech Republic	+420 560 203 1520
137	Dalia	McCormack	42	dmccormack3s@unc.edu	Female	active	8/11/2013	Japan	+81 570 394 5857
138	Norman	Molden	40	nmolden3t@chron.com	Male	inactive	11/28/2018	Japan	+81 861 948 4091
139	Edeline	Escalante	41	eescalante3u@smh.com.au	Female	NULL	2/22/2011	Japan	+81 687 730 5305
140	Gibby	Dasent	76	gdasent3v@chronoengine.com	Male	inactive	4/7/2022	Czech Republic	+420 408 949 5907
141	Clarissa	Baxstair	22	cbaxstair3w@chicagotribune.com	Female	pending	2/14/2023	Canada	+1 510 778 4536
142	Nessy	Manuello	42	nmanuello3x@linkedin.com	Female	inactive	7/13/2015	Czech Republic	+420 515 904 0683
143	Ramon	Quinlan	58	rquinlan3y@kickstarter.com	Male	active	7/25/2016	Japan	+81 980 174 8391
144	Nickolas	Gabbitas	71	ngabbitas3z@constantcontact.com	Male	inactive	8/13/2020	Czech Republic	+420 557 344 2490
145	Mallorie	Staner	68	mstaner40@myspace.com	Female	pending	12/10/2011	Czech Republic	+420 846 438 2326
146	Banky	Geillier	53	bgeillier41@intel.com	Male	pending	5/14/2018	Saudi Arabia	+966 612 996 7154
147	Henderson	Sighart	56	hsighart42@ocn.ne.jp	Male	NULL	3/29/2011	Canada	+1 954 422 7429
148	Derron	Oates	79	doates43@google.de	Male	pending	8/20/2012	Czech Republic	+420 708 860 2113
149	Patton	Burdass	45	pburdass44@mlb.com	Male	inactive	5/20/2014	Canada	+1 548 495 3734
150	Kacy	Gubbins	30	kgubbins45@guardian.co.uk	Female	active	12/1/2021	Japan	+81 807 875 3840
151	Sara-ann	Brew	41	sbrew46@w3.org	Female	inactive	3/23/2020	Canada	+1 605 713 6400
152	Desirae	Ruberry	32	druberry47@technorati.com	Female	inactive	3/28/2012	Japan	+81 538 309 9655
153	Rockwell	Dockwray	25	rdockwray48@gravatar.com	Male	pending	12/27/2012	Japan	+81 324 833 7682
154	Janeva	Zanitti	59	jzanitti49@alibaba.com	Female	inactive		Japan	+81 921 928 4481
155	Chastity	Rayworth	73	crayworth4a@tinyurl.com	Female	NULL	12/12/2019	Japan	+81 996 308 3510
156	Dov	Kemmett	76	dkemmett4b@google.de	Genderqueer	active	10/8/2020	Czech Republic	+420 168 202 8798
157	Clary	Staynes	78	cstaynes4c@odnoklassniki.ru	Female	active	1/13/2017	Canada	+1 644 368 5036
158	Kerby	Mathely	23	kmathely4d@usa.gov	Male	pending	11/14/2019	Canada	+1 538 701 9222
159	Xaviera	Neno	21	xneno4e@hubpages.com	Female	NULL	1/30/2013	Canada	+1 603 422 0448
160	Halsy	Mapledoore	77	hmapledoore4f@nih.gov	Male	inactive	5/10/2020	Japan	+81 612 926 4071
161	Robinia	Navarro	22	rnavarro4g@ibm.com	Female	pending	1/15/2015	Czech Republic	+420 139 894 5142
162	Ricard	Weson	84	rweson4h@smh.com.au	Male	active	2/25/2019	Czech Republic	+420 106 576 9630
163	Kristyn	Gilcrist	72	kgilcrist4i@unesco.org	Female	pending	1/9/2015	Cameroon	+237 739 756 4285
164	Gerianna	Blunsen	19	gblunsen4j@hatena.ne.jp	Female	active	12/16/2021	Canada	+1 714 639 2849
165	Benyamin	Apperley	79	bapperley4k@addtoany.com	Male	inactive	2/6/2023	Czech Republic	+420 730 646 1842
166	Natala	Robotham	51	nrobotham4l@myspace.com	Female	active	5/26/2013	Czech Republic	+420 571 896 2225
167	Buckie	Yerlett	25	byerlett4m@oaic.gov.au	Male	inactive	11/10/2014	Japan	+81 125 385 8252
168	Libbi	Cocci	76	lcocci4n@omniture.com	Female	active	2/5/2018	Canada	+1 340 823 8481
169	Valencia	Scholer	84	vscholer4o@census.gov	Female	pending	11/27/2016	Japan	+81 508 997 8821
170	Robinetta	Van Velde	32	rvanvelde4p@skype.com	Female	pending	3/11/2018	Czech Republic	+420 670 308 5755
171	Bryn	Presnall	82	bpresnall4q@abc.net.au	Male	pending	5/18/2013	Germany	+49 697 767 3030
172	Hestia	Carding	62	hcarding4r@state.gov	Female	pending		Germany	+49 334 286 6512
173	Zedekiah	Woolliams	79	zwoolliams4s@behance.net	Genderfluid	pending	1/19/2011	Japan	+81 931 624 7986
174	Kirbee	Kindall	27	kkindall4t@seesaa.net	Female	pending	4/29/2015	Canada	+1 197 123 1118
175	Fidela	Salatino	80	fsalatino4u@fema.gov	Female	active	4/11/2018	Cameroon	+237 849 618 4302
176	Renate	Sugar	40	rsugar4v@webs.com	Female	pending	11/4/2020	Czech Republic	+420 939 275 7006
177	Barty	Braycotton	83	bbraycotton4w@unc.edu	Male	active	4/29/2012	Canada	+1 974 911 8746
178	Alia	Baudet	54	abaudet4x@amazon.com	Female	inactive	3/28/2018	Canada	+1 404 912 1348
179	Jason	Poltun	24	jpoltun4y@4shared.com	Male	NULL	12/5/2015	Canada	+1 739 260 7484
180	Analise	Tidcomb	62	atidcomb4z@boston.com	Female	NULL	10/9/2016	Czech Republic	+420 560 170 2704
181	Elsbeth	Boig	62	eboig50@samsung.com	Female	inactive	9/30/2012	Czech Republic	+420 623 307 2514
182	Nita	Viall	68	nviall51@upenn.edu	Female	NULL	12/29/2017	Japan	+81 500 564 0995
183	Jabez	Clementucci	70	jclementucci52@slideshare.net	Male	NULL	2/23/2022	Czech Republic	+420 155 687 1977
184	Jessalyn	O'Driscoll	79	jodriscoll53@weebly.com	Female	inactive	12/26/2023	Japan	+81 385 214 4431
185	Yorgo	Thuillier	78	ythuillier54@meetup.com	Male	NULL	5/6/2020	Canada	+1 210 548 9248
186	Nesta	Sappson	30	nsappson55@nytimes.com	Female	pending	11/29/2010	Japan	+81 813 663 9667
187	Josee	Jaouen	68	jjaouen56@sciencedaily.com	Female	active	2/22/2011	Czech Republic	+420 850 310 6548
188	Carver	Cotterell	69	ccotterell57@sitemeter.com	Male	pending	6/26/2012	Canada	+1 179 504 5925
189	Bea	Dumini	84	bdumini58@alibaba.com	Female	active	10/18/2021	Czech Republic	+420 472 388 7709
190	Lazar	Pozzi	49	lpozzi59@360.cn	Male	active	8/3/2016	Cameroon	+237 697 605 1640
191	Arabele	Labes	31	alabes5a@sbwire.com	Female	pending	12/8/2010	Czech Republic	+420 104 440 8946
192	Blondy	Rodda	81	brodda5b@berkeley.edu	Female	NULL	6/7/2013	Canada	+1 793 205 9877
193	Josi	Archbald	40	jarchbald5c@tiny.cc	Female	active	9/13/2021	Japan	+81 144 764 1730
194	Ambros	Weal	24	aweal5d@unc.edu	Male	NULL	9/30/2014	Cameroon	+237 627 554 7738
195	Nonna	Keggin	22	nkeggin5e@mlb.com	Female	pending	9/22/2018	Germany	+49 502 224 8806
196	Giacopo	Pocknoll	20	gpocknoll5f@friendfeed.com	Male	NULL	9/17/2022	Japan	+81 346 559 1406
197	Cecelia	Urian	80	curian5g@smh.com.au	Bigender	pending	8/10/2019	Czech Republic	+420 757 954 8962
198	Christophe	Robertson	19	crobertson5h@alibaba.com	Male	pending	3/12/2014	Czech Republic	+420 366 222 6432
199	Mortimer	Chatwood	27	mchatwood5i@cafepress.com	Male	active	9/23/2020	Japan	+81 865 599 5744
200	Mano	Olpin	38	molpin5j@yolasite.com	Male	pending	5/3/2011	Czech Republic	+420 890 547 2757
201	Corrina	Archibold	50	carchibold5k@ucoz.ru	Female	active	9/4/2015	Canada	+1 993 282 6902
202	Rodge	Gettens	52	rgettens5l@com.com	Male	pending	1/17/2020	Canada	+1 801 731 7835
203	Dino	Aloway	50	daloway5m@dell.com	Male	inactive	10/13/2010	Czech Republic	+420 655 475 5863
204	Crichton	Cumberpatch	61	ccumberpatch5n@sina.com.cn	Male	inactive	1/2/2018	Canada	+1 920 874 9072
205	Natassia	Dolligon	82	ndolligon5o@cbc.ca	Female	pending	8/21/2014	Czech Republic	+420 739 692 8879
206	Hynda	Rittmeyer	77	hrittmeyer5p@google.es	Female	active	7/21/2012	Japan	+81 782 171 2795
207	Thedrick	Puve	25	tpuve5q@deviantart.com	Male	active	6/12/2019	Canada	+1 300 380 0916
208	Raine	Breissan	51	rbreissan5r@sakura.ne.jp	Female	active	3/14/2013	Czech Republic	+420 487 196 3613
209	Buckie	Phibb	20	bphibb5s@1688.com	Male	inactive	11/14/2015	Japan	+81 995 792 1379
210	Yolane	Dunbobin	29	ydunbobin5t@nhs.uk	Female	active	1/18/2020	Japan	+81 180 415 4596
211	Lynea	Blaase	49	lblaase5u@fc2.com	Female	NULL	9/2/2019	Japan	+81 777 805 7150
212	Ruth	Marsay	18	rmarsay5v@istockphoto.com	Female	active	10/16/2019	Canada	+1 588 292 8211
213	Melli	MacGregor	37	mmacgregor5w@imgur.com	Female	pending	10/10/2016	Cameroon	+237 523 691 7570
214	Yehudit	Pamplin	73	ypamplin5x@google.fr	Male	inactive	10/15/2019	Japan	+81 873 732 9155
215	Claudio	Goodayle	44	cgoodayle5y@google.fr	Male	active	12/31/2014	Japan	+81 236 739 1902
216	Rodie	Cranton	22	rcranton5z@gravatar.com	Female	pending	10/8/2018	Germany	+49 764 271 6457
217	Oneida	Hassent	69	ohassent60@craigslist.org	Genderfluid	NULL	9/5/2022	Japan	+81 725 316 3347
218	Edithe	Garie	71	egarie61@fema.gov	Female	inactive	4/5/2012	Canada	+1 382 192 2172
219	Ryan	Heggs	32	rheggs62@berkeley.edu	Male	NULL	8/25/2013	Czech Republic	+420 147 825 0575
220	Claudette	Tyers	50	ctyers63@bbc.co.uk	Female	pending	9/15/2023	Czech Republic	+420 819 912 8094
221	Baird	Ruppele	31	bruppele64@twitpic.com	Male	pending	5/7/2016	Japan	+81 179 137 0190
222	Misha	Lewsy	21	mlewsy65@arstechnica.com	Female	NULL		Czech Republic	+420 896 508 7099
223	Marchelle	Halewood	27	mhalewood66@umn.edu	Female	pending	1/22/2014	Germany	+49 519 776 3934
224	Mandi	Saich	59	msaich67@infoseek.co.jp	Female	NULL	4/20/2014	Japan	+81 768 793 9886
225	Kenn	Woodham	49	kwoodham68@marriott.com	Non-binary	pending	12/2/2014	Japan	+81 219 812 7800
226	Kennie	Poveleye	77	kpoveleye69@comcast.net	Male	inactive	5/23/2023	Japan	+81 197 327 9037
227	Roz	Carus	48	rcarus6a@nifty.com	Female	pending	1/5/2019	Germany	+49 579 293 9519
228	Yurik	Najera	21	ynajera6b@csmonitor.com	Male	active		Czech Republic	+420 235 944 0719
229	Brian	Fontin	21	bfontin6c@infoseek.co.jp	Male	NULL	5/26/2019	Czech Republic	+420 767 483 0617
230	Noelani	Giddy	54	ngiddy6d@timesonline.co.uk	Female	NULL	2/16/2014	Japan	+81 369 731 7726
231	Berne	Hentze	75	bhentze6e@youku.com	Male	NULL	6/27/2018	Germany	+49 250 645 8779
232	Beret	MacRorie	71	bmacrorie6f@devhub.com	Female	NULL	9/21/2017	Japan	+81 277 734 3611
233	Gran	Feeham	56	gfeeham6g@webnode.com	Male	active	1/11/2020	Japan	+81 975 709 8525
234	Lucio	McParlin	40	lmcparlin6h@nhs.uk	Male	active	3/8/2010	Czech Republic	+420 909 230 5442
235	Mathilde	McGurk	47	mmcgurk6i@usa.gov	Female	pending	11/11/2012	Canada	+1 333 636 2329
236	Jeni	Grand	19	jgrand6j@telegraph.co.uk	Female	inactive	1/21/2010	Canada	+1 580 194 9810
237	Ainsley	Boeck	45	aboeck6k@wikia.com	Female	active	12/21/2023	Japan	+81 377 257 5117
238	Claudius	Steptoe	73	csteptoe6l@reddit.com	Polygender	active	9/3/2016	Cameroon	+237 163 685 3527
239	Clem	Andreia	29	candreia6m@flavors.me	Female	NULL	9/14/2022	Cameroon	+237 702 329 9848
240	Constantino	Hegarty	18	chegarty6n@hibu.com	Male	active	7/29/2012	Japan	+81 755 416 6969
241	Vince	Tomes	43	vtomes6o@163.com	Male	pending	5/6/2017	Canada	+1 750 829 1617
242	Hunt	Egel	73	hegel6p@yale.edu	Male	pending	3/27/2015	Japan	+81 135 145 2723
243	Panchito	MacPike	38	pmacpike6q@deviantart.com	Male	inactive	1/29/2010	Czech Republic	+420 894 137 9144
244	Emlynne	Sottell	51	esottell6r@ucla.edu	Female	active	11/9/2013	Japan	+81 781 149 0003
245	Merrilee	Flye	34	mflye6s@zimbio.com	Female	inactive	9/11/2017	Czech Republic	+420 199 971 4818
246	Joelly	De Vile	83	jdevile6t@tmall.com	Bigender	NULL	7/28/2018	Cameroon	+237 383 398 7598
247	Helaina	Potier	38	hpotier6u@mashable.com	Female	inactive		Canada	+1 318 326 3928
248	Chevalier	Assandri	32	cassandri6v@senate.gov	Male	NULL	3/19/2014	Japan	+81 178 777 3777
249	Clemente	Succamore	59	csuccamore6w@home.pl	Male	active	4/3/2016	Canada	+1 456 742 3765
250	Lavinia	Obbard	34	lobbard6x@scientificamerican.com	Female	inactive	9/1/2013	Japan	+81 114 448 1441
251	Anthe	Dall	47	adall6y@deliciousdays.com	Female	active		Japan	+81 955 850 6653
252	Gal	Masey	58	gmasey6z@bizjournals.com	Male	active	7/24/2018	Japan	+81 615 602 1345
253	Ibby	Darville	69	idarville70@utexas.edu	Female	inactive	12/10/2022	Czech Republic	+420 107 235 4443
254	Averil	Mee	33	amee71@list-manage.com	Male	inactive	9/14/2018	Japan	+81 417 895 5271
255	Rayna	Henri	33	rhenri72@cocolog-nifty.com	Female	pending	6/27/2018	Cameroon	+237 335 376 1854
256	Meggi	Holtham	77	mholtham73@booking.com	Female	NULL	8/2/2019	Canada	+1 360 847 1143
257	Lita	Yorston	34	lyorston74@technorati.com	Female	inactive	5/2/2018	Japan	+81 720 665 7007
258	Dion	Ruggen	74	druggen75@sciencedirect.com	Female	inactive	3/8/2017	Cameroon	+237 270 107 2792
259	Philbert	Prewer	23	pprewer76@about.com	Bigender	active	12/29/2010	Cameroon	+237 248 360 7706
260	Morgana	Gammie	55	mgammie77@twitpic.com	Female	NULL	5/15/2019	Japan	+81 426 558 1803
261	Vlad	Rozzier	68	vrozzier78@ebay.co.uk	Male	pending	5/28/2013	Czech Republic	+420 107 874 4516
262	Traver	Haywood	79	thaywood79@army.mil	Male	inactive	3/11/2021	Czech Republic	+420 775 399 0558
263	Hobard	Bendel	73	hbendel7a@so-net.ne.jp	Male	NULL	12/28/2015	Canada	+1 685 466 6482
264	Lotta	Bugg	32	lbugg7b@tripadvisor.com	Female	inactive	1/13/2019	Japan	+81 759 214 8211
265	Paolina	Clymer	59	pclymer7c@mtv.com	Female	inactive	5/23/2022	Czech Republic	+420 790 288 9870
266	Sidonnie	Tarbox	35	starbox7d@microsoft.com	Female	inactive	11/13/2021	Japan	+81 882 783 6369
267	Marissa	Ridgley	49	mridgley7e@army.mil	Female	NULL	1/21/2013	Czech Republic	+420 645 840 6844
268	Belvia	Ramsdale	42	bramsdale7f@springer.com	Female	pending	7/8/2013	Canada	+1 192 593 4179
269	Tobit	Farrer	31	tfarrer7g@hugedomains.com	Non-binary	active	1/28/2020	Czech Republic	+420 637 914 1682
270	Nick	Skyrme	22	nskyrme7h@ted.com	Male	pending		Canada	+1 936 948 9391
271	Fletch	Skurm	81	fskurm7i@imgur.com	Male	active		Japan	+81 325 605 1243
272	Florry	Devonside	77	fdevonside7j@marriott.com	Female	active		Japan	+81 763 188 4750
273	Wilie	Brahmer	74	wbrahmer7k@ow.ly	Female	NULL	9/8/2011	Saudi Arabia	+966 146 932 9541
274	Jerald	Peal	83	jpeal7l@xinhuanet.com	Male	NULL	2/5/2018	Canada	+1 611 770 8197
275	Jayme	Hasser	82	jhasser7m@cyberchimps.com	Non-binary	pending	5/19/2014	Japan	+81 501 991 5194
276	Aaron	Nattrass	59	anattrass7n@geocities.com	Male	NULL	2/28/2016	Canada	+1 337 676 4262
277	Hastings	Jubert	81	hjubert7o@smh.com.au	Male	pending	7/28/2014	Canada	+1 436 229 5238
278	Malinde	Feast	64	mfeast7p@samsung.com	Female	pending	11/19/2010	Canada	+1 327 688 9838
279	Sidonia	Yeabsley	73	syeabsley7q@indiatimes.com	Bigender	pending	1/14/2013	Japan	+81 802 570 2229
280	Cheston	Stanlick	26	cstanlick7r@nsw.gov.au	Male	active	9/11/2017	Germany	+49 535 407 1662
281	Sandy	Strettle	20	sstrettle7s@mac.com	Male	pending	12/16/2010	Japan	+81 309 290 7431
282	Bud	Loder	59	bloder7t@networksolutions.com	Male	pending	12/30/2020	Czech Republic	+420 124 282 0528
283	Rabbi	Mallord	22	rmallord7u@earthlink.net	Male	pending	7/25/2011	Czech Republic	+420 767 935 7949
284	Trudy	Dobie	69	tdobie7v@senate.gov	Female	NULL	9/13/2020	Japan	+81 238 403 3858
285	Kasper	Beamiss	44	kbeamiss7w@cocolog-nifty.com	Male	pending	1/7/2018	Canada	+1 247 225 5047
286	Chic	Waldock	64	cwaldock7x@tumblr.com	Male	active		Czech Republic	+420 201 297 9726
287	Yolande	Grzegorczyk	20	ygrzegorczyk7y@google.it	Polygender	pending	12/10/2018	Czech Republic	+420 799 113 4347
288	Antonina	Beckerleg	72	abeckerleg7z@soup.io	Female	active	8/23/2012	Czech Republic	+420 738 225 7654
289	Morlee	Tie	44	mtie80@artisteer.com	Male	NULL	6/23/2017	Japan	+81 565 506 8563
290	Boote	Corhard	23	bcorhard81@t.co	Polygender	inactive	11/27/2010	Czech Republic	+420 165 851 3512
291	Vivie	La Grange	23	vlagrange82@techcrunch.com	Female	NULL	8/28/2015	Czech Republic	+420 643 670 1272
292	Sig	Warrick	79	swarrick83@ted.com	Male	active	12/12/2020	Japan	+81 602 135 7628
293	Terrie	Mitie	73	tmitie84@prlog.org	Female	active	8/4/2016	Japan	+81 574 838 6798
294	Amandie	Schechter	54	aschechter85@mozilla.org	Female	pending	11/17/2012	Japan	+81 384 661 1586
295	Vince	Wilby	76	vwilby86@clickbank.net	Male	inactive	12/18/2015	Japan	+81 525 260 2272
296	Gram	Van Waadenburg	80	gvanwaadenburg87@admin.ch	Bigender	inactive	6/10/2022	Czech Republic	+420 657 160 3250
297	Billye	Wileman	45	bwileman88@google.co.uk	Female	NULL	11/25/2020	Canada	+1 546 740 8120
298	Marcie	Groombridge	56	mgroombridge89@360.cn	Female	inactive	2/25/2012	Canada	+1 178 681 6496
299	June	Fairburn	30	jfairburn8a@dagondesign.com	Female	inactive	7/25/2013	Canada	+1 403 312 4596
300	Wolfie	Phillcox	32	wphillcox8b@behance.net	Male	active	1/27/2019	Japan	+81 963 910 6347
301	Derk	Burgane	42	dburgane8c@oracle.com	Male	pending	4/29/2022	Canada	+1 231 288 0174
302	Doug	Feathers	71	dfeathers8d@360.cn	Male	pending	1/5/2014	Czech Republic	+420 704 871 3711
303	Roselle	Hartburn	61	rhartburn8e@google.co.jp	Female	NULL	9/19/2022	Canada	+1 609 854 2466
304	Frederic	Parsonson	18	fparsonson8f@google.it	Male	inactive	5/26/2010	Japan	+81 979 893 1989
305	Germaine	Scrange	83	gscrange8g@java.com	Genderqueer	inactive	4/18/2023	Czech Republic	+420 320 977 6745
306	Vinni	Turbefield	19	vturbefield8h@wisc.edu	Female	NULL	5/6/2012	Canada	+1 430 860 4875
307	Bridie	Kingzet	28	bkingzet8i@macromedia.com	Female	inactive	11/18/2023	Canada	+1 457 152 4008
308	Garv	Creamen	66	gcreamen8j@usgs.gov	Male	pending	12/12/2014	Japan	+81 771 445 3504
309	Tori	Dunseith	36	tdunseith8k@discovery.com	Female	NULL	6/17/2019	Germany	+49 371 670 2805
310	Cybill	Janota	49	cjanota8l@apple.com	Female	inactive	1/16/2020	Czech Republic	+420 892 646 4747
311	El	Collett	34	ecollett8m@wiley.com	Polygender	active	10/12/2020	Canada	+1 111 216 1859
312	Joey	Hrishanok	57	jhrishanok8n@washington.edu	Female	pending	11/19/2022	Canada	+1 145 614 0574
313	Justinn	Menear	40	jmenear8o@4shared.com	Polygender	active	4/28/2016	Japan	+81 835 836 0260
314	Matthiew	Nasey	48	mnasey8p@freewebs.com	Male	active	10/29/2016	Japan	+81 641 602 6718
315	Beale	Bastian	21	bbastian8q@webs.com	Male	pending	8/1/2016	Japan	+81 520 495 1269
316	Wendel	Van der Velden	38	wvandervelden8r@adobe.com	Male	active	6/19/2022	Czech Republic	+420 626 260 9322
317	Lane	O'Brien	80	lobrien8s@ovh.net	Male	pending	3/23/2014	Canada	+1 443 706 4415
318	Marice	Risbrough	76	mrisbrough8t@dion.ne.jp	Female	active	5/4/2016	Japan	+81 832 640 7802
319	Hildy	Rickardes	75	hrickardes8u@mashable.com	Female	pending	5/20/2023	Canada	+1 478 235 1543
320	Penn	Briton	55	pbriton8v@techcrunch.com	Male	pending	2/14/2019	Czech Republic	+420 430 181 0766
321	Ninnette	Scopyn	62	nscopyn8w@comsenz.com	Female	pending	12/21/2021	Czech Republic	+420 983 346 2939
322	Davin	Collip	50	dcollip8x@marriott.com	Male	active	9/18/2019	Czech Republic	+420 443 613 2619
323	Noelle	Maling	69	nmaling8y@wiley.com	Female	NULL	5/20/2021	Japan	+81 893 534 3137
324	Nerta	MacKaig	38	nmackaig8z@geocities.jp	Female	inactive	5/2/2021	Germany	+49 557 465 3223
325	Ricky	Abbatini	43	rabbatini90@netscape.com	Female	active	12/12/2014	Czech Republic	+420 702 912 0789
326	Halimeda	Ambrogiotti	20	hambrogiotti91@linkedin.com	Female	active	3/5/2013	Czech Republic	+420 149 980 7518
327	Ely	Adrian	69	eadrian92@sakura.ne.jp	Male	active	1/24/2010	Czech Republic	+420 202 271 3970
328	Myrtie	Smallacombe	38	msmallacombe93@ycombinator.com	Female	inactive	7/8/2021	Czech Republic	+420 770 860 9267
329	Darnall	Cowhig	68	dcowhig94@blogspot.com	Male	active	8/15/2017	Japan	+81 564 220 0451
330	Gale	Tipple	60	gtipple95@examiner.com	Female	NULL	7/29/2023	Japan	+81 881 102 3091
331	Dan	Tomlin	59	dtomlin96@sfgate.com	Male	active	6/23/2013	Japan	+81 258 743 0693
332	Gilbertina	Gear	48	ggear97@lulu.com	Female	pending	2/9/2012	Canada	+1 640 344 4534
333	Teodor	Bottelstone	35	tbottelstone98@google.pl	Male	inactive		Germany	+49 153 684 6071
334	Dulcia	Piwell	21	dpiwell99@google.es	Female	pending	2/27/2022	Japan	+81 403 921 1445
335	Margarete	Zieme	42	mzieme9a@unesco.org	Polygender	inactive	3/7/2010	Czech Republic	+420 368 925 2941
336	Kevon	Robun	32	krobun9b@sogou.com	Male	pending	7/1/2020	Germany	+49 229 467 1170
337	Nolan	Tomini	40	ntomini9c@free.fr	Male	inactive		Germany	+49 587 885 4167
338	Stuart	Dodd	30	sdodd9d@nasa.gov	Male	inactive	5/15/2013	Japan	+81 685 201 0691
339	Tamar	Entissle	85	tentissle9e@mediafire.com	Female	pending	5/11/2023	Japan	+81 904 882 5525
340	Maxine	Coggin	45	mcoggin9f@diigo.com	Female	NULL	10/9/2013	Japan	+81 985 622 0673
341	Allyson	Hallowes	58	ahallowes9g@ezinearticles.com	Female	pending	6/4/2020	Japan	+81 392 787 9434
342	Wallie	Poetz	46	wpoetz9h@so-net.ne.jp	Female	pending	1/19/2023	Canada	+1 809 886 0285
343	Dennet	Willavize	58	dwillavize9i@economist.com	Male	NULL	9/27/2022	Czech Republic	+420 557 986 4994
344	Heida	McSherry	26	hmcsherry9j@51.la	Female	pending	11/21/2019	Canada	+1 943 848 9468
345	Quintin	Botterill	44	qbotterill9k@dion.ne.jp	Non-binary	active	6/25/2023	Czech Republic	+420 714 158 8105
346	Ola	Liggens	18	oliggens9l@flavors.me	Female	inactive	11/4/2016	Czech Republic	+420 166 187 9797
347	Hakeem	Maymond	46	hmaymond9m@phoca.cz	Non-binary	inactive	11/19/2010	Czech Republic	+420 405 464 8779
348	Esta	Bygate	46	ebygate9n@nbcnews.com	Female	active	7/23/2016	Germany	+49 369 180 1030
349	Alasdair	Robinette	32	arobinette9o@fc2.com	Male	pending	3/23/2022	Czech Republic	+420 539 705 3017
350	Collin	Dummer	44	cdummer9p@github.com	Polygender	active		Japan	+81 822 150 9102
351	Zacharia	Crofts	32	zcrofts9q@flickr.com	Male	pending	3/6/2020	Saudi Arabia	+966 253 288 7040
352	Reuben	Guilbert	40	rguilbert9r@jalbum.net	Agender	pending	6/6/2014	Japan	+81 125 630 1833
353	Wade	Grog	79	wgrog9s@independent.co.uk	Male	active	7/20/2016	Japan	+81 157 448 7043
354	Mata	Savege	32	msavege9t@blogger.com	Male	active	3/9/2016	Japan	+81 933 496 7943
355	Loydie	Severn	42	lsevern9u@tripadvisor.com	Male	NULL	9/1/2011	Japan	+81 613 352 0121
356	Zerk	Grasha	71	zgrasha9v@photobucket.com	Male	active	1/26/2010	Japan	+81 765 832 6354
357	Marwin	Blundin	23	mblundin9w@prnewswire.com	Male	NULL	6/17/2020	Czech Republic	+420 923 462 2913
358	Levy	Lude	39	llude9x@alexa.com	Male	pending	3/16/2022	Canada	+1 725 993 4719
359	Nerta	McDoual	69	nmcdoual9y@boston.com	Female	active	12/26/2023	Czech Republic	+420 226 267 1667
360	Buck	Pretley	42	bpretley9z@reddit.com	Male	NULL		Japan	+81 647 606 1796
361	Collin	Ebertz	40	cebertza0@reddit.com	Male	pending	6/12/2015	Germany	+49 157 179 2584
362	Tallie	Kibbey	34	tkibbeya1@howstuffworks.com	Male	active	2/8/2016	Japan	+81 536 414 6598
363	Lilian	Simmings	50	lsimmingsa2@51.la	Female	NULL	1/26/2013	Canada	+1 518 568 8031
364	Janka	Loveredge	51	jloveredgea3@gnu.org	Female	inactive		Canada	+1 386 840 0706
365	Cristy	Reuss	49	creussa4@kickstarter.com	Female	NULL		Canada	+1 698 862 0935
366	Randa	Son	31	rsona5@stanford.edu	Female	pending	9/8/2022	Japan	+81 713 477 9483
367	Randy	Blackwell	84	rblackwella6@vkontakte.ru	Female	pending	5/30/2021	Czech Republic	+420 821 358 7714
368	Kendra	Rummin	57	krummina7@fotki.com	Female	NULL	3/20/2022	Germany	+49 104 777 4259
369	Peggy	Steptow	76	psteptowa8@youku.com	Female	pending	12/20/2017	Japan	+81 393 323 2204
370	Cherie	Helks	45	chelksa9@google.de	Female	active	4/18/2023	Canada	+1 282 923 0739
371	Darrin	Stoffels	55	dstoffelsaa@zimbio.com	Male	inactive	9/18/2010	Germany	+49 586 722 3033
372	Davis	Satch	33	dsatchab@forbes.com	Polygender	NULL	5/12/2023	Japan	+81 424 702 7946
373	Mina	Comolli	85	mcomolliac@reverbnation.com	Female	NULL	9/2/2012	Czech Republic	+420 609 895 9896
374	Fernande	Hagley	50	fhagleyad@shinystat.com	Female	inactive	4/25/2013	Japan	+81 149 593 9163
375	Carney	Marchant	59	cmarchantae@oakley.com	Male	inactive	5/5/2011	Canada	+1 890 994 4710
376	Yovonnda	Champain	59	ychampainaf@dropbox.com	Polygender	inactive	3/16/2017	Canada	+1 340 340 9727
377	Hendrika	Raleston	53	hralestonag@bloglines.com	Female	pending	5/31/2016	Canada	+1 925 157 5281
378	Jay	Hazeup	22	jhazeupah@purevolume.com	Male	pending	10/14/2011	Saudi Arabia	+966 416 166 9348
379	Rubina	holmes	69	rholmesai@goodreads.com	Female	active	6/18/2016	Japan	+81 433 877 6425
380	Harley	Camelli	72	hcamelliaj@live.com	Female	NULL	9/28/2020	Germany	+49 122 853 9487
381	Emmalee	McBrady	44	emcbradyak@japanpost.jp	Female	NULL	6/21/2018	Germany	+49 529 375 6849
382	Aurlie	Hatfield	34	ahatfieldal@usnews.com	Female	active	10/6/2015	Japan	+81 688 685 6405
383	Cissiee	O'Scanlon	19	coscanlonam@eventbrite.com	Female	inactive	11/21/2020	Japan	+81 179 731 6415
384	Godfree	Domm	45	gdomman@jiathis.com	Male	pending	5/25/2018	Japan	+81 154 994 7794
385	Willie	Laxen	84	wlaxenao@microsoft.com	Male	inactive	1/13/2014	Japan	+81 938 129 4942
386	Calida	Mishaw	37	cmishawap@un.org	Female	pending	7/17/2023	Japan	+81 784 816 2555
387	Sandor	Meni	29	smeniaq@telegraph.co.uk	Male	NULL	3/30/2012	Germany	+49 876 189 2330
388	Henryetta	Beaulieu	47	hbeaulieuar@jugem.jp	Female	pending	11/8/2018	Canada	+1 150 953 5221
389	Tomasina	Shalliker	27	tshallikeras@woothemes.com	Female	inactive	2/18/2016	Czech Republic	+420 693 737 5973
390	Marijn	Colly	24	mcollyat@mashable.com	Male	inactive	1/23/2014	Japan	+81 240 524 0993
391	Chantal	Ottiwill	61	cottiwillau@yandex.ru	Female	inactive	10/1/2010	Canada	+1 810 859 9067
392	Conan	Biesterfeld	83	cbiesterfeldav@istockphoto.com	Male	inactive	3/28/2019	Czech Republic	+420 997 990 1455
393	Rollie	Ellicock	59	rellicockaw@yellowpages.com	Male	active		Japan	+81 386 395 7674
394	Jen	Kenion	67	jkenionax@clickbank.net	Non-binary	active	1/10/2023	Cameroon	+237 624 641 3870
395	Harley	Zoane	56	hzoaneay@wikispaces.com	Bigender	NULL	7/6/2012	Czech Republic	+420 706 458 9523
396	Gwenore	Meneur	60	gmeneuraz@g.co	Female	active	6/4/2022	Czech Republic	+420 473 529 9838
397	Dedie	Soane	60	dsoaneb0@sciencedaily.com	Female	active	4/7/2013	Japan	+81 631 341 9693
398	Susanetta	Cowser	42	scowserb1@stanford.edu	Female	active		Czech Republic	+420 781 492 0086
399	Bengt	Cuolahan	19	bcuolahanb2@4shared.com	Male	pending	5/1/2010	Japan	+81 129 231 2609
400	Elbert	McKechnie	21	emckechnieb3@sbwire.com	Male	NULL	7/9/2021	Czech Republic	+420 611 958 9978
401	Goddard	Hammant	20	ghammantb4@mapquest.com	Male	NULL	3/6/2015	Japan	+81 792 320 7900
402	Albert	Paoletti	18	apaolettib5@photobucket.com	Male	pending	7/29/2011	Canada	+1 974 642 1155
403	Knox	Iskowicz	43	kiskowiczb6@cmu.edu	Male	pending	3/21/2011	Japan	+81 326 426 7839
404	Killie	Haddleston	67	khaddlestonb7@jiathis.com	Male	active	1/13/2023	Canada	+1 249 708 6795
405	Goldina	Littrick	80	glittrickb8@acquirethisname.com	Female	active	1/8/2010	Japan	+81 338 687 5720
406	Carena	Curedale	48	ccuredaleb9@wikia.com	Female	inactive	2/4/2015	Japan	+81 242 901 1490
407	Caroline	Sarle	26	csarleba@google.cn	Genderqueer	NULL	10/27/2015	Japan	+81 992 797 5712
408	Jonah	Netti	20	jnettibb@webeden.co.uk	Male	NULL	6/5/2022	Czech Republic	+420 176 505 0818
409	Joete	Connar	69	jconnarbc@google.com	Female	NULL	4/17/2014	Japan	+81 813 313 3460
410	Fifi	Heathcoat	74	fheathcoatbd@tumblr.com	Bigender	active	7/17/2019	Japan	+81 167 691 7756
411	Tremayne	Oherlihy	75	toherlihybe@uiuc.edu	Male	active		Japan	+81 996 610 8329
412	Agnola	Ortell	21	aortellbf@typepad.com	Female	pending	2/6/2020	Czech Republic	+420 156 364 7784
413	Alexis	Twiddle	74	atwiddlebg@barnesandnoble.com	Male	inactive	10/13/2010	Germany	+49 138 662 8791
414	Tracey	Northridge	35	tnorthridgebh@time.com	Male	inactive	7/11/2015	Cameroon	+237 443 773 6015
415	Hermy	Gervaise	47	hgervaisebi@mtv.com	Male	NULL	6/23/2023	Czech Republic	+420 194 455 7107
416	Northrup	Salvadori	53	nsalvadoribj@timesonline.co.uk	Male	pending	8/11/2017	Canada	+1 864 571 9683
417	Carree	Roseby	85	crosebybk@csmonitor.com	Female	NULL	12/18/2012	Germany	+49 989 181 1382
418	Una	Aronovich	18	uaronovichbl@google.pl	Female	pending	7/21/2020	Saudi Arabia	+966 367 264 2406
419	Lilla	Hellewell	28	lhellewellbm@theguardian.com	Female	NULL	7/25/2010	Japan	+81 865 402 4366
420	Inness	Aubray	56	iaubraybn@reference.com	Male	pending	9/27/2014	Japan	+81 149 157 1180
421	Haydon	Cluett	28	hcluettbo@naver.com	Male	active	9/3/2020	Germany	+49 750 618 2858
422	Brandy	Havelin	32	bhavelinbp@mashable.com	Female	pending		Canada	+1 585 623 1579
423	Kaylyn	Kerner	80	kkernerbq@scribd.com	Female	inactive	3/29/2017	Canada	+1 905 306 6570
424	Arthur	Pennycock	84	apennycockbr@exblog.jp	Male	inactive	8/16/2020	Japan	+81 486 922 6158
425	Ardis	Fader	19	afaderbs@blogtalkradio.com	Female	inactive	8/10/2018	Czech Republic	+420 946 363 2976
426	Neill	Shephard	74	nshephardbt@sfgate.com	Male	NULL	2/15/2018	Japan	+81 894 276 8156
427	Brita	Coaster	31	bcoasterbu@last.fm	Female	pending	5/25/2018	Czech Republic	+420 608 303 5396
428	Brandise	Brodest	53	bbrodestbv@mayoclinic.com	Female	active	10/12/2020	Czech Republic	+420 953 224 4125
429	Nehemiah	O'Sharry	71	nosharrybw@indiatimes.com	Male	pending	12/23/2015	Czech Republic	+420 166 385 1188
430	Alanson	Doswell	74	adoswellbx@odnoklassniki.ru	Male	inactive	6/15/2020	Japan	+81 279 614 8434
431	Ilise	Constantine	82	iconstantineby@comcast.net	Female	active	5/12/2017	Canada	+1 446 895 6069
432	Mona	Jeandillou	38	mjeandilloubz@hatena.ne.jp	Female	inactive	11/9/2022	Czech Republic	+420 981 842 5804
433	Carlina	Nattriss	35	cnattrissc0@google.de	Female	inactive	10/16/2014	Japan	+81 140 411 8512
434	Zoe	Nosworthy	63	znosworthyc1@typepad.com	Female	active	2/13/2017	Canada	+1 248 889 2729
435	Analise	Mead	68	ameadc2@sciencedirect.com	Agender	inactive	10/15/2014	Czech Republic	+420 313 870 9609
436	Carolus	Karoly	70	ckarolyc3@arstechnica.com	Male	pending	12/2/2011	Japan	+81 353 129 4034
437	Jesse	Byrth	24	jbyrthc4@washington.edu	Male	pending		Japan	+81 608 131 8852
438	Marlow	Lacroux	78	mlacrouxc5@businessinsider.com	Male	active	2/14/2013	Japan	+81 507 137 8523
439	Boy	Baleine	43	bbaleinec6@virginia.edu	Bigender	active	8/31/2013	Canada	+1 235 997 4656
440	Holli	Joice	32	hjoicec7@ifeng.com	Female	inactive		Canada	+1 126 730 3052
441	Marylou	Huyhton	38	mhuyhtonc8@booking.com	Bigender	pending	4/16/2022	Canada	+1 812 951 9011
442	Trudey	Sudworth	49	tsudworthc9@hexun.com	Female	NULL	6/6/2011	Japan	+81 899 436 7695
443	Elnora	Garbert	23	egarbertca@pinterest.com	Female	pending		Japan	+81 651 478 7933
444	Carolyne	Burgisi	76	cburgisicb@youtu.be	Female	NULL	10/16/2017	Japan	+81 660 726 2274
445	Jere	Van der Beek	62	jvanderbeekcc@blinklist.com	Male	NULL	2/17/2020	Japan	+81 759 740 1065
446	Tully	Vanetti	69	tvanetticd@illinois.edu	Male	NULL	4/25/2023	Canada	+1 614 320 4893
447	Antonin	Van Der Hoog	25	avanderhoogce@sohu.com	Male	pending	4/3/2020	Japan	+81 420 833 1076
448	Vachel	Limbert	52	vlimbertcf@facebook.com	Male	pending	4/23/2013	Japan	+81 782 886 6544
449	Letti	Yannoni	18	lyannonicg@edublogs.org	Female	active	11/29/2015	Cameroon	+237 716 235 3224
450	Rawley	Jeduch	72	rjeduchch@hostgator.com	Male	inactive	10/15/2010	Czech Republic	+420 993 606 5932
451	Harrison	Hammor	56	hhammorci@hud.gov	Male	active	6/3/2019	Czech Republic	+420 524 311 0009
452	Renato	De Blasio	29	rdeblasiocj@geocities.jp	Male	NULL	12/22/2010	Canada	+1 243 321 1385
453	Gerek	Tweedell	55	gtweedellck@github.io	Male	pending	9/30/2016	Canada	+1 777 239 4396
454	Urson	Vogl	25	uvoglcl@smh.com.au	Male	NULL	11/12/2021	Czech Republic	+420 400 455 3017
455	Byrle	Tyndall	72	btyndallcm@disqus.com	Genderfluid	NULL	9/1/2019	Cameroon	+237 461 437 4453
456	Kylen	Delmonti	73	kdelmonticn@omniture.com	Female	inactive	8/7/2017	Japan	+81 404 660 7979
457	Aleen	Handke	31	ahandkeco@ebay.com	Female	inactive	2/19/2013	Japan	+81 796 685 7708
458	Blaine	Endecott	74	bendecottcp@nyu.edu	Male	active		Czech Republic	+420 375 752 7060
459	Ofelia	Kellick	60	okellickcq@free.fr	Female	NULL	8/10/2018	Czech Republic	+420 837 746 9268
460	Carlotta	Ollis	56	colliscr@xrea.com	Female	pending	5/15/2016	Canada	+1 777 871 2548
461	Larina	Selbie	19	lselbiecs@sciencedirect.com	Agender	NULL	2/8/2019	Saudi Arabia	+966 183 462 8845
462	Kippy	Allmann	23	kallmannct@psu.edu	Female	inactive	11/12/2011	Canada	+1 952 610 1281
463	Rosco	Rannie	33	rranniecu@oracle.com	Male	NULL	8/14/2023	Japan	+81 599 528 5126
464	Phil	Calcut	85	pcalcutcv@scientificamerican.com	Male	active	5/27/2016	Czech Republic	+420 868 835 6750
465	Matt	Montes	21	mmontescw@latimes.com	Male	active	2/8/2018	Czech Republic	+420 170 955 0680
466	Guillema	Capps	52	gcappscx@virginia.edu	Female	inactive	3/25/2014	Saudi Arabia	+966 138 848 3227
467	Ricki	Shevlan	44	rshevlancy@t.co	Male	active	12/27/2019	Canada	+1 395 896 5003
468	Margery	Fechnie	68	mfechniecz@usatoday.com	Female	inactive	7/4/2022	Germany	+49 600 882 2145
469	Johnath	Ariss	56	jarissd0@163.com	Female	NULL	3/14/2021	Cameroon	+237 104 157 3694
470	Dasi	Bloomer	27	dbloomerd1@wisc.edu	Female	pending	12/22/2023	Czech Republic	+420 305 299 3922
471	Stanislas	Kivlehan	21	skivlehand2@wisc.edu	Male	pending	3/19/2018	Japan	+81 249 787 6634
472	Roberto	Goble	68	rgobled3@symantec.com	Male	inactive	2/8/2015	Japan	+81 988 383 0063
473	Dalis	Jeske	51	djesked4@google.co.jp	Polygender	NULL	7/12/2015	Czech Republic	+420 571 656 5637
474	Lane	Crome	84	lcromed5@freewebs.com	Female	active	11/10/2017	Czech Republic	+420 597 840 5043
475	Vernice	De Giorgio	29	vdegiorgiod6@usnews.com	Genderfluid	inactive	4/28/2016	Japan	+81 402 775 6153
476	Colin	Ernke	66	cernked7@prnewswire.com	Male	inactive	10/27/2010	Czech Republic	+420 341 644 0352
477	Kaja	Serchwell	51	kserchwelld8@1und1.de	Female	pending	3/8/2017	Japan	+81 620 250 6964
478	Nanci	Brammar	70	nbrammard9@statcounter.com	Female	pending	4/25/2023	Japan	+81 459 459 0729
479	Roanne	Iwanicki	72	riwanickida@feedburner.com	Female	NULL		Japan	+81 100 405 6035
480	Eldin	Glantz	74	eglantzdb@prlog.org	Male	NULL	2/18/2012	Czech Republic	+420 835 588 7470
481	Gae	Shorland	35	gshorlanddc@state.tx.us	Female	pending	1/18/2012	Czech Republic	+420 773 658 7315
482	Traci	Petasch	55	tpetaschdd@1und1.de	Female	active	11/29/2013	Canada	+1 130 583 9398
483	Martino	Merner	78	mmernerde@nih.gov	Male	active	1/1/2012	Czech Republic	+420 456 553 0097
484	Lucille	Colthurst	58	lcolthurstdf@gravatar.com	Female	inactive	11/7/2017	Germany	+49 484 259 4620
485	Reece	Riggoll	70	rriggolldg@angelfire.com	Polygender	pending	7/13/2010	Canada	+1 520 364 0856
486	Rosabelle	McClelland	34	rmcclellanddh@slideshare.net	Female	pending	10/19/2017	Canada	+1 469 995 4610
487	Jobye	Dufoure	32	jdufouredi@diigo.com	Female	inactive	6/15/2016	Saudi Arabia	+966 927 747 0167
488	Jareb	Shearmur	43	jshearmurdj@aboutads.info	Male	NULL	10/26/2023	Canada	+1 239 189 0185
489	Jolyn	Shorte	19	jshortedk@buzzfeed.com	Female	pending	12/25/2011	Japan	+81 223 963 9821
490	Dena	Russi	46	drussidl@dell.com	Genderfluid	inactive		Japan	+81 282 375 9278
491	Cortie	Hurche	28	churchedm@webs.com	Male	NULL	4/16/2011	Canada	+1 183 535 2012
492	Marmaduke	D'Alwis	42	mdalwisdn@yelp.com	Male	inactive	4/25/2014	Japan	+81 140 428 2033
493	Nichols	Ghidoli	75	nghidolido@japanpost.jp	Polygender	active	11/11/2022	Czech Republic	+420 996 737 2717
494	Simon	Fairholme	44	sfairholmedp@disqus.com	Male	active	12/26/2017	Czech Republic	+420 764 947 4476
495	Germana	Jossel	51	gjosseldq@github.io	Female	active	1/16/2018	Czech Republic	+420 672 512 8791
496	Hubie	Semper	36	hsemperdr@elpais.com	Male	inactive	7/29/2020	Czech Republic	+420 508 529 1413
497	Noby	Byrd	41	nbyrdds@uiuc.edu	Male	pending	11/11/2010	Canada	+1 361 254 9191
498	Suzy	Milbank	70	smilbankdt@cbsnews.com	Female	NULL	1/12/2011	Japan	+81 925 398 8091
499	Aila	Van den Dael	66	avandendaeldu@miitbeian.gov.cn	Female	NULL	2/16/2020	Japan	+81 820 384 3448
500	Brier	Crosfeld	62	bcrosfelddv@oakley.com	Female	NULL	1/3/2012	Czech Republic	+420 392 834 0771
501	Krissie	Avesque	47	kavesquedw@devhub.com	Female	inactive	5/29/2019	Canada	+1 633 632 3091
502	Kerby	D'Aeth	54	kdaethdx@spotify.com	Male	inactive	10/30/2019	Cameroon	+237 747 796 0910
503	Cirstoforo	Tilney	28	ctilneydy@virginia.edu	Male	NULL	2/18/2013	Canada	+1 811 931 1484
504	Fernandina	Baude	40	fbaudedz@geocities.jp	Female	inactive	9/6/2020	Canada	+1 514 194 0995
505	Griff	Reynolds	61	greynoldse0@fastcompany.com	Male	NULL	10/31/2015	Cameroon	+237 222 191 1904
506	Suki	Robun	69	srobune1@yale.edu	Female	active		Japan	+81 791 963 7677
507	Jodie	Gyngell	36	jgyngelle2@state.tx.us	Agender	pending	9/1/2017	Japan	+81 536 372 9108
508	Philbert	Longstaffe	41	plongstaffee3@51.la	Male	active		Canada	+1 937 514 4527
509	Addy	Ridgley	68	aridgleye4@engadget.com	Male	inactive	7/13/2016	Czech Republic	+420 116 366 7140
510	Forster	Dilrew	53	fdilrewe5@yolasite.com	Male	inactive	3/31/2018	Japan	+81 340 408 2989
511	Jessalin	Mullord	48	jmullorde6@merriam-webster.com	Female	inactive	8/14/2019	Canada	+1 737 842 0415
512	Moina	Motto	23	mmottoe7@ftc.gov	Female	active	10/4/2014	Canada	+1 236 676 2343
513	Kial	Curee	20	kcureee8@liveinternet.ru	Female	active	7/7/2015	Czech Republic	+420 873 120 7718
514	Kathryn	Dumbelton	85	kdumbeltone9@google.pl	Female	inactive	10/9/2010	Czech Republic	+420 622 944 0148
515	Janina	McIan	79	jmcianea@about.me	Female	inactive	12/24/2019	Czech Republic	+420 270 917 2151
516	Shellie	Katte	41	skatteeb@globo.com	Agender	inactive	12/29/2015	Czech Republic	+420 793 404 4404
517	Sergio	Bishell	28	sbishellec@is.gd	Male	pending		Czech Republic	+420 898 334 8756
518	Cyril	Durram	55	cdurramed@geocities.jp	Male	NULL	12/5/2021	Canada	+1 638 694 1634
519	Tallie	Gipps	32	tgippsee@imageshack.us	Female	inactive	8/16/2018	Czech Republic	+420 824 583 3706
520	Justis	Georgins	36	jgeorginsef@mapy.cz	Male	active	9/30/2020	Japan	+81 472 841 1292
521	Burlie	De Blasio	40	bdeblasioeg@sphinn.com	Male	pending	11/24/2010	Czech Republic	+420 547 899 6653
522	Taryn	Perillo	33	tperilloeh@scientificamerican.com	Female	pending	9/24/2010	Japan	+81 436 884 2680
523	Georgette	Benediktsson	39	gbenediktssonei@un.org	Female	pending	6/10/2017	Canada	+1 413 514 0076
524	Thoma	Dreigher	72	tdreigherej@imdb.com	Male	active	3/9/2017	Canada	+1 284 654 1333
525	Elladine	McAteer	39	emcateerek@nbcnews.com	Female	pending	12/13/2015	Japan	+81 183 289 8316
526	Vladimir	Alsford	21	valsfordel@merriam-webster.com	Male	active	9/23/2014	Germany	+49 526 144 7337
527	Marten	Carrabott	30	mcarrabottem@topsy.com	Male	NULL		Canada	+1 819 377 6843
528	Clayson	Gethins	51	cgethinsen@about.com	Genderfluid	active	10/1/2010	Japan	+81 803 203 2624
529	Alfonse	Leathley	30	aleathleyeo@kickstarter.com	Male	inactive	11/29/2017	Cameroon	+237 791 520 1135
530	Shane	Pentland	66	spentlandep@cargocollective.com	Male	inactive	2/14/2019	Canada	+1 200 448 2635
531	Allina	Cutting	74	acuttingeq@stanford.edu	Female	active	3/18/2018	Japan	+81 976 825 8187
532	Bran	De Ath	51	bdeather@mediafire.com	Male	pending	8/23/2016	Cameroon	+237 398 925 5070
533	Kellyann	Lindores	26	klindoreses@craigslist.org	Female	pending	7/27/2012	Czech Republic	+420 667 639 2829
534	Morissa	Blakesley	70	mblakesleyet@patch.com	Female	pending	4/4/2020	Cameroon	+237 339 869 0264
535	Ashly	Lemon	60	alemoneu@ted.com	Female	active	4/12/2014	Czech Republic	+420 247 492 1484
536	Bruno	Hallwood	43	bhallwoodev@hugedomains.com	Male	inactive	9/2/2021	Japan	+81 325 515 0622
537	Marcile	Braisby	30	mbraisbyew@sciencedaily.com	Agender	active	11/23/2023	Czech Republic	+420 309 248 4890
538	Brandy	Soitoux	36	bsoitouxex@indiatimes.com	Female	inactive		Japan	+81 442 571 2089
539	Codi	Whylie	64	cwhylieey@blogs.com	Male	pending	10/29/2020	Czech Republic	+420 782 194 6829
540	Patrizio	Hitzke	21	phitzkeez@cnn.com	Male	NULL	2/20/2018	Germany	+49 446 164 8767
541	Lyman	Chaundy	59	lchaundyf0@etsy.com	Male	pending	5/19/2011	Canada	+1 821 706 7306
542	Lalo	Jager	82	ljagerf1@berkeley.edu	Male	inactive	3/3/2023	Japan	+81 566 602 9863
543	Nollie	Rawes	61	nrawesf2@yelp.com	Male	active	5/25/2011	Japan	+81 735 597 8640
544	Mavis	Garratty	73	mgarrattyf3@t-online.de	Female	pending	7/6/2014	Cameroon	+237 800 445 2230
545	Heindrick	Gudyer	52	hgudyerf4@indiatimes.com	Male	pending	11/13/2013	Czech Republic	+420 792 910 6939
546	Goddart	Lavell	28	glavellf5@blog.com	Male	NULL	7/13/2018	Canada	+1 922 221 0487
547	Gilburt	Goudie	35	ggoudief6@prweb.com	Male	active	6/19/2019	Canada	+1 928 665 3007
548	Kalina	Clipsham	42	kclipshamf7@cdbaby.com	Female	inactive	11/16/2011	Czech Republic	+420 289 993 4449
549	Gregoire	Key	20	gkeyf8@cbsnews.com	Male	active	6/16/2012	Canada	+1 115 933 5907
550	Hew	Shimony	33	hshimonyf9@cnn.com	Male	NULL	5/27/2019	Cameroon	+237 148 837 8945
551	Genia	Beach	25	gbeachfa@psu.edu	Female	active	2/5/2013	Japan	+81 531 749 2475
552	Chip	Sancroft	20	csancroftfb@bbb.org	Male	active	7/28/2014	Czech Republic	+420 789 590 2697
553	Margareta	Timbs	32	mtimbsfc@guardian.co.uk	Female	active	8/10/2011	Japan	+81 517 818 6928
554	Erhart	Noton	67	enotonfd@imdb.com	Male	active	11/29/2022	Czech Republic	+420 353 418 5939
555	Elspeth	Strowther	29	estrowtherfe@tumblr.com	Female	active	12/22/2019	Czech Republic	+420 547 147 8093
556	Nicola	Goodbody	73	ngoodbodyff@typepad.com	Male	NULL	3/28/2019	Czech Republic	+420 936 216 2298
557	Caleb	Simcoe	75	csimcoefg@google.com.hk	Male	pending	3/29/2013	Japan	+81 182 288 7588
558	Zechariah	Tennet	53	ztennetfh@bigcartel.com	Male	inactive	6/27/2011	Czech Republic	+420 537 969 9450
559	Barbara	Faragan	45	bfaraganfi@blinklist.com	Female	pending	5/12/2015	Czech Republic	+420 604 617 8843
560	Julissa	Eyeington	85	jeyeingtonfj@dmoz.org	Polygender	NULL	4/9/2018	Japan	+81 371 223 4409
561	Mel	Wanden	75	mwandenfk@twitpic.com	Female	NULL	6/11/2016	Cameroon	+237 837 351 2490
562	Dare	Ruseworth	43	druseworthfl@gravatar.com	Male	inactive	3/30/2016	Japan	+81 906 639 5242
563	Bruno	Upex	56	bupexfm@spiegel.de	Male	active	6/23/2016	Saudi Arabia	+966 687 154 3512
564	Darell	Boni	38	dbonifn@newsvine.com	Female	active	11/23/2013	Japan	+81 238 618 4953
565	Cassandry	Franzke	64	cfranzkefo@shinystat.com	Female	active	8/18/2017	Canada	+1 506 774 4772
566	Delilah	Chasteau	50	dchasteaufp@cbsnews.com	Female	NULL	11/26/2022	Czech Republic	+420 993 627 2053
567	Jakob	Witnall	66	jwitnallfq@accuweather.com	Male	inactive	7/24/2014	Japan	+81 505 110 3106
568	Raimundo	Ladyman	21	rladymanfr@google.it	Male	pending		Japan	+81 931 523 3219
569	George	Capehorn	44	gcapehornfs@addthis.com	Male	inactive	2/24/2011	Germany	+49 105 270 4549
570	Gal	Totaro	43	gtotaroft@ustream.tv	Male	pending		Czech Republic	+420 185 159 4859
571	Roderich	Baxstair	51	rbaxstairfu@wunderground.com	Male	inactive	5/28/2018	Canada	+1 871 785 4329
572	Thomasine	Shimmin	39	tshimminfv@elpais.com	Female	pending	6/8/2017	Canada	+1 890 753 1222
573	Conny	Johannes	22	cjohannesfw@kickstarter.com	Polygender	pending	12/14/2015	Canada	+1 658 369 3591
574	Doralyn	Weitzel	62	dweitzelfx@answers.com	Female	pending	9/11/2014	Czech Republic	+420 367 970 1073
575	Holly	Tolomio	24	htolomiofy@squidoo.com	Female	inactive	3/5/2016	Czech Republic	+420 597 456 8131
576	Antonietta	Kidsley	85	akidsleyfz@wired.com	Genderqueer	inactive		Japan	+81 668 655 8651
577	Shoshana	Gilham	36	sgilhamg0@google.es	Female	inactive	9/6/2011	Canada	+1 827 340 0503
578	Meier	Pfeiffer	63	mpfeifferg1@sphinn.com	Male	NULL	9/3/2015	Japan	+81 297 702 4923
579	Romola	Harriagn	50	rharriagng2@technorati.com	Female	inactive	3/5/2013	Czech Republic	+420 927 330 2361
580	Dru	Kelling	73	dkellingg3@wufoo.com	Female	inactive		Czech Republic	+420 164 285 5515
581	Jae	Haysman	85	jhaysmang4@hexun.com	Male	active	9/30/2021	Cameroon	+237 594 625 5874
582	Hazlett	Rahlof	53	hrahlofg5@columbia.edu	Male	inactive	10/16/2018	Japan	+81 407 503 3153
583	Valerye	Robb	20	vrobbg6@ucla.edu	Female	NULL	1/28/2015	Japan	+81 929 314 4143
584	Kyla	Stockall	66	kstockallg7@huffingtonpost.com	Female	pending	2/28/2019	Saudi Arabia	+966 833 169 6985
585	Farrel	Nail	41	fnailg8@soup.io	Male	pending	2/29/2016	Canada	+1 343 723 3489
586	Hazlett	Cosbee	20	hcosbeeg9@youtube.com	Male	pending	2/15/2018	Czech Republic	+420 575 698 9994
587	Munmro	de Vaen	79	mdevaenga@liveinternet.ru	Male	NULL	1/9/2020	Canada	+1 416 183 2016
588	Fawne	Arnatt	43	farnattgb@delicious.com	Female	inactive		Canada	+1 376 639 4556
589	Odille	Littlechild	19	olittlechildgc@squarespace.com	Female	NULL	10/26/2023	Japan	+81 945 508 6033
590	Windham	Iveson	66	wivesongd@tamu.edu	Male	active	6/2/2012	Japan	+81 602 225 6944
591	Burnard	Padberry	71	bpadberryge@yellowbook.com	Male	active	12/2/2018	Czech Republic	+420 510 163 4922
592	Jeremie	MacConnechie	73	jmacconnechiegf@go.com	Male	inactive	5/21/2022	Czech Republic	+420 877 698 4464
593	Kris	Daymond	43	kdaymondgg@home.pl	Male	inactive	9/18/2014	Germany	+49 979 166 4186
594	Olly	Thompson	23	othompsongh@cnn.com	Female	NULL		Canada	+1 613 477 6602
595	Gavin	Danieli	85	gdanieligi@issuu.com	Male	inactive	3/21/2019	Canada	+1 255 977 8984
596	Stephen	Lovstrom	64	slovstromgj@about.com	Male	active	7/18/2017	Czech Republic	+420 927 706 0478
597	Melania	Fuente	39	mfuentegk@imdb.com	Female	NULL		Japan	+81 215 875 2427
598	Vernice	Shee	66	vsheegl@sakura.ne.jp	Female	inactive	11/27/2013	Germany	+49 890 863 7974
599	Adda	Preddy	30	apreddygm@sohu.com	Female	NULL	4/9/2015	Canada	+1 655 622 6273
600	Roxanne	Overell	45	roverellgn@google.com.hk	Female	inactive		Japan	+81 388 394 8035
601	Efren	Gosney	32	egosneygo@mail.ru	Male	NULL	4/4/2018	Japan	+81 925 331 7696
602	Rowen	Kennan	20	rkennangp@cam.ac.uk	Male	pending	9/6/2021	Czech Republic	+420 514 770 0297
603	Harriett	Sleicht	28	hsleichtgq@cocolog-nifty.com	Female	active	9/8/2016	Czech Republic	+420 917 586 8749
604	Barnabas	Abramowsky	71	babramowskygr@dailymail.co.uk	Male	pending	5/7/2011	Canada	+1 281 904 1838
605	Pail	Edeson	62	pedesongs@unesco.org	Male	NULL	10/1/2011	Japan	+81 212 879 4545
606	Gibbie	MacNeice	66	gmacneicegt@canalblog.com	Male	active	2/10/2012	Canada	+1 729 766 9746
607	Bogey	Silbersak	43	bsilbersakgu@indiatimes.com	Non-binary	active	2/5/2016	Canada	+1 466 282 2311
608	Vassily	Chiddy	77	vchiddygv@behance.net	Male	inactive	12/5/2013	Canada	+1 693 629 5165
609	Gustaf	Cobello	46	gcobellogw@printfriendly.com	Bigender	active	1/3/2013	Japan	+81 167 175 3554
610	Alie	Harby	65	aharbygx@is.gd	Female	inactive	7/14/2018	Germany	+49 291 426 0493
611	Thibaud	Barus	34	tbarusgy@tripod.com	Genderfluid	pending	2/22/2023	Japan	+81 870 835 5799
612	Dalli	Placido	67	dplacidogz@weebly.com	Male	pending	10/9/2022	Canada	+1 401 487 1115
613	Corrie	Aizic	28	caizich0@nhs.uk	Female	NULL	6/25/2017	Japan	+81 253 266 6692
614	Carly	Gilley	83	cgilleyh1@bluehost.com	Male	NULL		Czech Republic	+420 429 298 8601
615	Lauren	Redihalgh	47	lredihalghh2@washingtonpost.com	Genderqueer	pending	3/3/2015	Canada	+1 985 654 9484
616	Umeko	Caccavari	63	ucaccavarih3@columbia.edu	Female	active	9/1/2014	Japan	+81 686 484 7604
617	Holli	McKintosh	64	hmckintoshh4@fastcompany.com	Female	inactive	10/31/2017	Japan	+81 642 569 0310
618	Godiva	Chong	54	gchongh5@live.com	Female	NULL	9/7/2015	Czech Republic	+420 715 307 3865
619	Nicoline	Load	31	nloadh6@posterous.com	Female	NULL	2/22/2014	Cameroon	+237 701 961 6941
620	Melva	Drever	64	mdreverh7@photobucket.com	Female	NULL	5/23/2019	Canada	+1 776 639 0053
621	Ashleigh	Oakwell	57	aoakwellh8@technorati.com	Female	inactive	7/1/2023	Japan	+81 561 582 8171
622	Ernaline	Tejada	37	etejadah9@jigsy.com	Female	inactive	12/9/2016	Japan	+81 674 634 7520
623	Kirstin	Reeday	54	kreedayha@imdb.com	Female	pending	11/18/2022	Canada	+1 806 171 6001
624	Renault	Fairholm	24	rfairholmhb@comsenz.com	Male	active	11/20/2011	Japan	+81 276 902 4408
625	Drucill	McGucken	84	dmcguckenhc@bloomberg.com	Female	NULL	2/4/2022	Japan	+81 805 456 6060
626	Kaine	Gantley	80	kgantleyhd@marketwatch.com	Male	NULL	11/24/2012	Czech Republic	+420 238 821 6470
627	Stephanus	Mallion	48	smallionhe@tinyurl.com	Genderfluid	NULL	3/6/2020	Czech Republic	+420 231 776 4489
628	Ulrika	Jovicevic	62	ujovicevichf@issuu.com	Non-binary	NULL	5/1/2012	Germany	+49 840 198 1278
629	Caddric	Silverthorn	80	csilverthornhg@about.com	Male	NULL	8/10/2016	Canada	+1 788 873 9976
630	Camellia	Minchella	41	cminchellahh@sohu.com	Female	pending	10/2/2017	Japan	+81 156 677 7108
631	Ave	Solomonides	19	asolomonideshi@bloomberg.com	Male	NULL	9/25/2017	Saudi Arabia	+966 710 442 4510
632	Helen-elizabeth	Castells	79	hcastellshj@seesaa.net	Female	NULL	8/5/2011	Japan	+81 343 565 3869
633	Kerr	di Rocca	25	kdiroccahk@slideshare.net	Male	NULL	11/10/2010	Japan	+81 486 681 2037
634	Margarette	Vanni	52	mvannihl@youtube.com	Female	active	8/14/2014	Japan	+81 180 163 6207
635	Tabitha	Esmond	36	tesmondhm@dell.com	Female	pending	11/16/2017	Czech Republic	+420 343 767 2770
636	Benoite	Molian	60	bmolianhn@plala.or.jp	Female	NULL	9/2/2013	Japan	+81 238 981 2969
637	Mack	Yakobowitz	35	myakobowitzho@so-net.ne.jp	Male	active	6/7/2016	Japan	+81 114 587 0568
638	Bonny	Worthing	60	bworthinghp@miibeian.gov.cn	Female	NULL	1/24/2017	Japan	+81 553 663 2583
639	Clemence	Rhydderch	28	crhydderchhq@artisteer.com	Female	pending	7/20/2019	Canada	+1 632 444 2561
640	Carney	Bertenshaw	43	cbertenshawhr@narod.ru	Male	inactive	11/17/2010	Japan	+81 799 629 0619
641	Missy	Yousef	58	myousefhs@skyrock.com	Female	inactive	2/7/2021	Japan	+81 359 102 2897
642	Carlyle	McGilmartin	80	cmcgilmartinht@patch.com	Male	NULL	12/31/2013	Japan	+81 825 543 9440
643	Theo	Spaule	25	tspaulehu@dailymotion.com	Male	active	3/19/2017	Japan	+81 560 872 1212
644	Gwendolyn	Van der Daal	69	gvanderdaalhv@mtv.com	Female	NULL	10/20/2017	Czech Republic	+420 777 246 9332
645	Joan	Bertelmot	71	jbertelmothw@weibo.com	Female	active	7/31/2023	Canada	+1 445 595 9049
646	Jocelyn	Farrans	84	jfarranshx@instagram.com	Female	NULL	12/26/2014	Czech Republic	+420 993 368 1939
647	Rusty	Sparkwill	38	rsparkwillhy@cdbaby.com	Male	pending	5/10/2014	Cameroon	+237 290 893 1681
648	Lindsey	Neachell	83	lneachellhz@pen.io	Female	inactive	9/3/2023	Canada	+1 898 840 9609
649	Melva	Casarili	45	mcasarilii0@patch.com	Female	inactive	1/5/2016	Canada	+1 666 951 6238
650	Stephana	Valadez	21	svaladezi1@symantec.com	Genderqueer	pending	5/4/2020	Cameroon	+237 659 442 7261
651	Sylvester	Hamal	22	shamali2@networksolutions.com	Male	active	11/4/2013	Japan	+81 433 694 8396
652	Jessey	Lamdin	28	jlamdini3@google.de	Male	inactive	2/24/2023	Japan	+81 130 145 2057
653	Frederik	Dawdry	64	fdawdryi4@mayoclinic.com	Non-binary	NULL		Japan	+81 966 259 5200
654	Shir	Mordan	31	smordani5@deliciousdays.com	Female	NULL	6/21/2020	Czech Republic	+420 466 815 1024
655	Cedric	Shepeard	20	cshepeardi6@hugedomains.com	Male	active	6/4/2023	Czech Republic	+420 569 148 5198
656	Henry	Baddiley	36	hbaddileyi7@java.com	Male	pending		Czech Republic	+420 725 294 4675
657	Khalil	Millsap	79	kmillsapi8@cornell.edu	Male	inactive	1/19/2015	Japan	+81 744 474 8322
658	Rennie	Vasyutichev	20	rvasyutichevi9@craigslist.org	Female	NULL	5/28/2021	Japan	+81 538 614 4708
659	Maura	Chomicki	71	mchomickiia@artisteer.com	Female	pending	8/24/2015	Czech Republic	+420 254 150 5712
660	Laughton	Patrickson	82	lpatricksonib@chicagotribune.com	Male	active	8/4/2017	Czech Republic	+420 387 458 8975
661	Victoria	Qualtrough	49	vqualtroughic@hud.gov	Female	inactive	9/11/2016	Czech Republic	+420 407 381 2015
662	Concordia	MacGraith	53	cmacgraithid@ocn.ne.jp	Female	inactive	3/1/2020	Czech Republic	+420 138 458 7722
663	Pippo	Gloucester	67	pgloucesterie@cbslocal.com	Male	inactive	2/7/2011	Japan	+81 361 260 7105
664	Brittany	Mattinson	63	bmattinsonif@creativecommons.org	Female	pending	12/14/2011	Canada	+1 576 698 2585
665	Agnese	Matura	37	amaturaig@e-recht24.de	Female	NULL	8/5/2023	Cameroon	+237 560 583 7567
666	Patsy	O' Driscoll	84	podriscollih@google.com.hk	Female	NULL	6/3/2012	Saudi Arabia	+966 857 766 7573
667	Joey	Zammitt	65	jzammittii@soundcloud.com	Female	pending		Japan	+81 958 422 4141
668	Aland	Hornung	23	ahornungij@nymag.com	Male	inactive	8/24/2017	Czech Republic	+420 915 248 6436
669	Anett	Benting	51	abentingik@ox.ac.uk	Polygender	NULL	9/23/2023	Czech Republic	+420 558 457 1561
670	Claudie	Tibb	33	ctibbil@biglobe.ne.jp	Female	active	2/1/2017	Czech Republic	+420 806 348 1089
671	Mirilla	Bickell	40	mbickellim@ycombinator.com	Female	NULL	3/22/2018	Canada	+1 465 637 7001
672	Dominik	Manilow	83	dmanilowin@ucsd.edu	Male	NULL	10/8/2015	Czech Republic	+420 831 787 5853
673	Dona	Flury	71	dfluryio@amazon.de	Female	inactive	10/5/2020	Canada	+1 592 732 4336
674	Didi	Yves	34	dyvesip@ftc.gov	Non-binary	active	4/9/2021	Japan	+81 344 216 7951
675	Winifred	Lobley	18	wlobleyiq@rakuten.co.jp	Female	inactive	2/25/2022	Czech Republic	+420 139 518 5952
676	Whitney	Pierce	42	wpierceir@weebly.com	Female	active	1/28/2014	Canada	+1 940 161 7070
677	Ilka	Dallimare	74	idallimareis@dot.gov	Female	NULL	2/12/2014	Japan	+81 179 293 0674
678	Heath	Froome	65	hfroomeit@woothemes.com	Female	inactive	7/24/2016	Japan	+81 564 310 5441
679	Jervis	Le Hucquet	35	jlehucquetiu@acquirethisname.com	Male	NULL	12/3/2017	Cameroon	+237 717 512 6234
680	Brand	Paddell	49	bpaddelliv@guardian.co.uk	Male	inactive	3/16/2021	Czech Republic	+420 751 245 8178
681	Cristen	Jackalin	64	cjackaliniw@indiegogo.com	Female	pending	1/21/2023	Cameroon	+237 176 536 3776
682	Anton	Probat	48	aprobatix@umn.edu	Male	NULL	7/25/2021	Czech Republic	+420 794 898 1058
683	Randee	Martinon	79	rmartinoniy@foxnews.com	Female	active	9/25/2022	Czech Republic	+420 439 260 0913
684	Bertrand	Barensky	34	bbarenskyiz@comsenz.com	Male	active	1/8/2011	Canada	+1 314 187 4809
685	Bartlet	Meake	31	bmeakej0@scribd.com	Male	NULL	12/28/2011	Czech Republic	+420 174 245 0861
686	Emili	Cruden	27	ecrudenj1@independent.co.uk	Female	inactive	4/13/2013	Japan	+81 402 848 4259
687	Worth	McFetrich	35	wmcfetrichj2@sfgate.com	Male	pending	5/17/2020	Canada	+1 560 926 8580
688	Bendicty	Baggally	38	bbaggallyj3@stumbleupon.com	Male	pending	5/31/2016	Canada	+1 808 157 5580
689	Lawton	Partner	56	lpartnerj4@networksolutions.com	Male	active	3/25/2011	Canada	+1 870 828 6422
690	Darwin	Pleat	50	dpleatj5@ameblo.jp	Male	active	4/11/2021	Czech Republic	+420 743 884 1382
691	Dunn	Kubecka	35	dkubeckaj6@chronoengine.com	Male	NULL	8/26/2015	Canada	+1 363 367 0037
692	Mervin	Hathwood	30	mhathwoodj7@sciencedirect.com	Male	inactive	4/28/2014	Czech Republic	+420 422 633 6537
693	Cassi	Georgievski	47	cgeorgievskij8@msu.edu	Female	pending	5/24/2018	Czech Republic	+420 739 109 8223
694	Theodosia	Few	34	tfewj9@hatena.ne.jp	Female	NULL	5/11/2011	Germany	+49 453 696 4975
695	Leodora	Murtimer	62	lmurtimerja@blinklist.com	Female	inactive	6/18/2016	Canada	+1 794 227 2766
696	Tracy	Geistmann	59	tgeistmannjb@uiuc.edu	Male	inactive	6/17/2021	Czech Republic	+420 509 350 7497
697	Amby	Cunniff	24	acunniffjc@live.com	Male	pending	3/14/2010	Germany	+49 862 708 1566
698	Jena	Begent	39	jbegentjd@time.com	Female	inactive	7/28/2016	Japan	+81 991 198 8880
699	Rad	Geffcock	77	rgeffcockje@mail.ru	Male	active	9/4/2013	Japan	+81 919 783 2262
700	Silvia	Nottle	80	snottlejf@mapy.cz	Female	pending	1/4/2014	Japan	+81 740 223 6932
701	Evered	Sweed	30	esweedjg@bigcartel.com	Male	pending		Canada	+1 469 170 2959
702	Desiree	Kowalik	36	dkowalikjh@yellowbook.com	Female	active	9/16/2016	Canada	+1 401 685 9810
703	Anatol	Tour	51	atourji@networkadvertising.org	Male	NULL	9/14/2013	Czech Republic	+420 492 837 2118
704	Englebert	O'Corrane	29	eocorranejj@cdbaby.com	Male	pending	9/6/2016	Czech Republic	+420 764 829 6668
705	Laurel	Klempke	80	lklempkejk@gmpg.org	Female	active	1/15/2019	Japan	+81 989 154 3954
706	Aubine	Haking	29	ahakingjl@1und1.de	Female	pending	2/20/2018	Czech Republic	+420 395 216 1872
707	Persis	Roscrigg	78	proscriggjm@plala.or.jp	Female	pending	6/25/2023	Japan	+81 622 819 8445
708	Sybil	Keddie	49	skeddiejn@rediff.com	Female	active	5/13/2012	Czech Republic	+420 697 873 2276
709	Debera	Keyes	26	dkeyesjo@cdc.gov	Female	active	7/14/2020	Canada	+1 566 735 8466
710	Mikael	Divine	25	mdivinejp@rambler.ru	Male	pending	4/7/2015	Japan	+81 198 624 2711
711	Adam	Edmondson	39	aedmondsonjq@twitter.com	Male	pending	10/15/2015	Canada	+1 510 778 4082
712	Waylan	Fidian	38	wfidianjr@nsw.gov.au	Male	NULL	9/17/2011	Canada	+1 981 224 8574
713	Ellene	Gage	74	egagejs@yellowbook.com	Female	active	7/31/2021	Czech Republic	+420 869 709 2205
714	Lloyd	Marke	71	lmarkejt@princeton.edu	Agender	pending	5/24/2015	Japan	+81 133 917 4384
715	Rooney	Eddy	40	reddyju@salon.com	Non-binary	NULL	3/22/2014	Cameroon	+237 902 874 0470
716	Jonathan	Sanpere	28	jsanperejv@washingtonpost.com	Male	NULL	9/16/2010	Japan	+81 402 799 2017
717	Salomo	Fasson	30	sfassonjw@nps.gov	Agender	inactive	12/6/2010	Canada	+1 225 586 8434
718	Jasmin	Heddy	51	jheddyjx@usa.gov	Female	NULL	11/14/2021	Japan	+81 206 804 5856
719	Michaeline	Pendreigh	20	mpendreighjy@ihg.com	Female	NULL	7/28/2016	Canada	+1 723 520 9400
720	Moritz	Kuhne	21	mkuhnejz@ehow.com	Male	NULL	1/21/2013	Japan	+81 759 975 9137
721	Barthel	Cuardall	29	bcuardallk0@berkeley.edu	Male	inactive	8/18/2013	Czech Republic	+420 614 737 6772
722	Chrissy	Drews	76	cdrewsk1@about.com	Female	inactive	2/20/2021	Canada	+1 740 567 9487
723	Rosamund	Yendle	32	ryendlek2@archive.org	Female	pending	11/9/2023	Czech Republic	+420 875 660 0362
724	Sigismund	Rudgard	83	srudgardk3@ovh.net	Male	pending	8/25/2019	Japan	+81 505 897 4989
725	Durand	Yushin	64	dyushink4@prlog.org	Male	NULL	11/20/2019	Czech Republic	+420 549 165 4128
726	Genovera	Duxfield	67	gduxfieldk5@cbc.ca	Female	pending	8/5/2023	Czech Republic	+420 207 169 9876
727	Inga	Rennock	57	irennockk6@prlog.org	Female	active	12/14/2018	Czech Republic	+420 543 545 3614
728	Brose	Hupka	44	bhupkak7@salon.com	Male	NULL	5/27/2019	Japan	+81 177 392 8375
729	Adria	Vassbender	68	avassbenderk8@reddit.com	Female	active	9/27/2023	Canada	+1 898 260 9817
730	Amargo	Goacher	79	agoacherk9@foxnews.com	Bigender	active	2/12/2012	Japan	+81 501 932 7625
731	Jdavie	Elkins	56	jelkinska@bizjournals.com	Male	active	10/26/2012	Japan	+81 152 371 3502
732	Jonis	Brangan	37	jbrangankb@themeforest.net	Female	inactive	3/2/2010	Czech Republic	+420 898 271 2630
733	Emory	Scarce	61	escarcekc@newyorker.com	Male	inactive	7/1/2013	Czech Republic	+420 762 907 6871
734	Bliss	Pierro	18	bpierrokd@cam.ac.uk	Female	NULL	8/13/2023	Japan	+81 751 922 3045
735	Cornelia	Raylton	41	crayltonke@prlog.org	Female	active	8/7/2023	Japan	+81 415 678 4602
736	Jayne	Burgon	84	jburgonkf@scribd.com	Female	inactive	12/14/2011	Czech Republic	+420 109 758 4430
737	Rodolfo	McGreil	78	rmcgreilkg@ucoz.ru	Male	pending	6/1/2015	Cameroon	+237 840 134 9486
738	Geoff	Monier	39	gmonierkh@digg.com	Male	pending	8/28/2013	Canada	+1 424 376 3760
739	Trish	Rose	47	troseki@google.ru	Polygender	inactive	11/23/2022	Czech Republic	+420 786 367 5771
740	Rudiger	Stollery	54	rstollerykj@mashable.com	Male	pending	5/23/2016	Czech Republic	+420 889 159 2483
741	Marla	Elcomb	83	melcombkk@privacy.gov.au	Female	pending	5/21/2012	Japan	+81 582 131 6356
742	Kordula	Abdie	42	kabdiekl@mozilla.com	Female	inactive	5/23/2010	Canada	+1 991 559 0808
743	Orlando	McGaugie	38	omcgaugiekm@edublogs.org	Male	pending	7/27/2019	Canada	+1 520 166 7304
744	Noak	Cadwaladr	25	ncadwaladrkn@imageshack.us	Male	pending	10/12/2021	Czech Republic	+420 783 858 5021
745	Hubert	Siggens	34	hsiggensko@booking.com	Male	pending		Canada	+1 669 326 8024
746	Emile	Cinelli	35	ecinellikp@symantec.com	Male	inactive	6/9/2023	Japan	+81 812 737 4612
747	Jeffry	Farden	53	jfardenkq@opensource.org	Male	pending	6/6/2023	Japan	+81 212 860 7408
748	Marylinda	Rumbellow	62	mrumbellowkr@pbs.org	Female	NULL	6/11/2014	Japan	+81 755 736 0575
749	Conant	Welchman	19	cwelchmanks@harvard.edu	Male	active		Saudi Arabia	+966 383 958 5872
750	Xavier	Luckcuck	81	xluckcuckkt@digg.com	Male	active	7/10/2012	Japan	+81 241 528 6491
751	Alecia	De Bruin	29	adebruinku@ifeng.com	Female	NULL	10/31/2015	Czech Republic	+420 296 366 9969
752	Sada	Oades	69	soadeskv@mozilla.com	Female	active	4/30/2019	Czech Republic	+420 626 999 2699
753	Tadio	Tapsell	53	ttapsellkw@moonfruit.com	Male	inactive	9/5/2016	Czech Republic	+420 184 247 0868
754	Beaufort	Reasce	69	breascekx@nifty.com	Male	NULL	3/9/2020	Czech Republic	+420 922 768 9249
755	Greggory	Gerkens	58	ggerkensky@nature.com	Male	inactive	6/13/2010	Canada	+1 422 737 2113
756	Ralina	Ioannidis	76	rioannidiskz@reference.com	Female	NULL	11/18/2020	Japan	+81 560 540 6559
757	Gloriana	Lindberg	42	glindbergl0@patch.com	Female	inactive	12/1/2017	Czech Republic	+420 223 259 0386
758	Bunnie	Pavy	60	bpavyl1@ovh.net	Female	active	1/13/2019	Czech Republic	+420 146 305 1285
759	Nobie	Roome	45	nroomel2@bluehost.com	Male	inactive	3/17/2022	Japan	+81 269 617 6533
760	Waylan	Fenn	73	wfennl3@flickr.com	Male	inactive	7/15/2023	Czech Republic	+420 221 886 6125
761	Felice	Ashwin	81	fashwinl4@buzzfeed.com	Male	pending	9/16/2020	Japan	+81 572 337 2443
762	Ruggiero	Blazewski	30	rblazewskil5@amazon.co.uk	Male	pending	10/10/2017	Czech Republic	+420 572 511 0089
763	Lauritz	Menci	42	lmencil6@hc360.com	Non-binary	NULL	6/3/2014	Japan	+81 439 650 9865
764	Enos	Bonifazio	72	ebonifaziol7@ucoz.ru	Male	pending	8/4/2010	Canada	+1 920 359 9866
765	Kevan	Reeds	72	kreedsl8@answers.com	Non-binary	NULL	11/4/2022	Cameroon	+237 712 809 4609
766	Garrek	Ferrotti	22	gferrottil9@army.mil	Male	pending		Canada	+1 885 533 9794
767	Levon	Winnard	74	lwinnardla@xing.com	Agender	active	11/4/2012	Germany	+49 677 528 2585
768	Dina	Nansom	49	dnansomlb@home.pl	Female	pending	11/29/2022	Japan	+81 595 716 3081
769	Roldan	Hurdedge	51	rhurdedgelc@oracle.com	Male	NULL		Japan	+81 346 991 1405
770	Rouvin	Atchly	46	ratchlyld@marriott.com	Male	pending	7/25/2021	Canada	+1 823 982 4333
771	Raddie	Potzold	44	rpotzoldle@wix.com	Male	inactive	2/24/2015	Germany	+49 854 300 3986
772	Deina	Bellhouse	67	dbellhouself@globo.com	Female	NULL	11/12/2022	Japan	+81 885 164 7876
773	Gillie	Osgarby	41	gosgarbylg@mail.ru	Female	pending	11/6/2013	Czech Republic	+420 399 789 8805
774	Roze	Havile	20	rhavilelh@unblog.fr	Female	active	7/21/2012	Czech Republic	+420 261 613 3098
775	Jannel	Boundy	65	jboundyli@naver.com	Female	active	4/4/2020	Japan	+81 388 181 9240
776	Forrester	Eseler	41	feselerlj@newyorker.com	Male	NULL	9/16/2012	Germany	+49 944 689 1668
777	Saudra	Newcomen	57	snewcomenlk@harvard.edu	Female	active	7/2/2010	Cameroon	+237 111 213 1727
778	Stanton	Ingliss	84	singlissll@opera.com	Male	inactive	11/11/2014	Czech Republic	+420 924 962 8833
779	Gregorio	Severn	80	gsevernlm@economist.com	Male	inactive	6/28/2019	Germany	+49 674 440 7404
780	Ada	Hannabuss	25	ahannabussln@nytimes.com	Female	active	2/23/2022	Japan	+81 823 530 1464
781	Melloney	Durnford	26	mdurnfordlo@e-recht24.de	Female	inactive	9/9/2013	Japan	+81 307 227 8829
782	Julius	Radmer	37	jradmerlp@privacy.gov.au	Male	NULL	11/13/2022	Canada	+1 283 596 3416
783	Michal	Gent	26	mgentlq@hibu.com	Genderqueer	inactive	6/28/2013	Cameroon	+237 241 679 3171
784	Correna	Iffland	80	cifflandlr@vimeo.com	Polygender	active	4/19/2013	Japan	+81 581 313 9466
785	Uriel	Lawtie	39	ulawtiels@purevolume.com	Male	active	5/17/2014	Canada	+1 346 393 7514
786	Kort	Bewsy	55	kbewsylt@un.org	Male	active	7/31/2015	Japan	+81 266 132 2177
787	Reinhard	Tolan	44	rtolanlu@ebay.com	Male	NULL	2/17/2017	Canada	+1 178 656 0505
788	Ricky	Winskill	46	rwinskilllv@webmd.com	Female	NULL	5/10/2022	Germany	+49 339 133 4114
789	Klarrisa	Fuke	58	kfukelw@telegraph.co.uk	Female	pending	3/23/2019	Japan	+81 256 398 4941
790	Amalea	Mongeot	40	amongeotlx@opensource.org	Female	inactive	2/10/2011	Canada	+1 119 113 8104
791	Gareth	Pratchett	54	gpratchettly@ebay.co.uk	Male	NULL	9/23/2014	Czech Republic	+420 939 102 5492
792	Kenny	Diaper	27	kdiaperlz@nsw.gov.au	Male	active	7/6/2013	Czech Republic	+420 825 369 2985
793	Thorvald	Chess	55	tchessm0@bandcamp.com	Male	inactive	4/6/2013	Canada	+1 552 886 9037
794	Isabel	Heugel	65	iheugelm1@youku.com	Bigender	active	2/2/2022	Japan	+81 156 729 4101
795	Carey	Marritt	30	cmarrittm2@dell.com	Female	pending	1/18/2018	Czech Republic	+420 359 279 6011
796	Daron	Macieiczyk	59	dmacieiczykm3@bluehost.com	Male	inactive		Czech Republic	+420 933 824 0415
797	Paulo	Poynter	36	ppoynterm4@msu.edu	Male	active	11/14/2023	Czech Republic	+420 841 627 2205
798	Alfons	Seear	22	aseearm5@tiny.cc	Male	inactive	8/28/2017	Czech Republic	+420 941 774 5924
799	Teddie	Iannetti	85	tiannettim6@tiny.cc	Male	active	2/8/2020	Czech Republic	+420 971 879 0264
800	Hayyim	McMains	51	hmcmainsm7@meetup.com	Male	pending	10/7/2022	Czech Republic	+420 891 129 1985
801	Noel	Rosenberg	43	nrosenbergm8@chron.com	Female	inactive	8/10/2018	Canada	+1 828 107 3486
802	Alessandra	Macartney	55	amacartneym9@booking.com	Female	active	6/5/2022	Japan	+81 956 677 8856
803	Arny	Corser	20	acorserma@opensource.org	Male	inactive	7/31/2017	Cameroon	+237 415 298 8522
804	Meris	Gages	24	mgagesmb@google.com.au	Female	pending	11/4/2012	Japan	+81 236 562 2995
805	Winn	Gaitone	42	wgaitonemc@technorati.com	Male	active	1/17/2010	Japan	+81 352 368 8778
806	Flossie	Broomfield	43	fbroomfieldmd@sakura.ne.jp	Female	NULL		Czech Republic	+420 433 582 9821
807	Vally	Deverick	31	vdeverickme@fda.gov	Female	pending	9/29/2016	Czech Republic	+420 428 400 3654
808	Trixi	Willishire	26	twillishiremf@nih.gov	Female	NULL	10/20/2022	Czech Republic	+420 451 542 8629
809	Algernon	Faircley	43	afaircleymg@cocolog-nifty.com	Male	NULL	5/29/2014	Canada	+1 477 574 3510
810	Godard	Rehorek	18	grehorekmh@barnesandnoble.com	Male	pending	9/4/2018	Japan	+81 798 225 1699
811	Evelin	Donohue	73	edonohuemi@examiner.com	Male	NULL	10/17/2014	Japan	+81 622 669 7426
812	Matthaeus	Morit	27	mmoritmj@slashdot.org	Male	NULL	6/25/2022	Japan	+81 518 282 9407
813	Jolie	McIndoe	56	jmcindoemk@surveymonkey.com	Female	pending	7/11/2018	Czech Republic	+420 440 587 1696
814	Kristal	Beilby	45	kbeilbyml@tiny.cc	Female	NULL	5/19/2012	Saudi Arabia	+966 257 370 3711
815	Brittany	Pelchat	42	bpelchatmm@pbs.org	Female	active	12/15/2019	Czech Republic	+420 539 322 0409
816	Igor	Hollyland	46	ihollylandmn@goo.ne.jp	Male	NULL	1/20/2020	Japan	+81 772 760 4278
817	Stanwood	Dell 'Orto	52	sdellortomo@altervista.org	Male	pending	10/6/2022	Japan	+81 365 755 1122
818	Zia	Blue	54	zbluemp@sogou.com	Female	NULL	10/10/2020	Canada	+1 694 735 7853
819	Kevyn	Skaife	42	kskaifemq@newsvine.com	Female	inactive	11/1/2021	Japan	+81 178 251 5877
820	Ashbey	Sommerscales	23	asommerscalesmr@ucoz.com	Male	NULL	8/15/2022	Japan	+81 773 484 5681
821	Agosto	Kienle	50	akienlems@hao123.com	Male	active	2/5/2011	Japan	+81 612 897 5137
822	Arther	Andrea	54	aandreamt@cnn.com	Male	pending	4/14/2014	Czech Republic	+420 307 371 2718
823	Ashlie	Dymock	65	adymockmu@disqus.com	Female	active	11/8/2010	Canada	+1 608 792 1345
824	Brenda	Skoughman	22	bskoughmanmv@nytimes.com	Female	inactive	9/4/2019	Japan	+81 610 394 0090
825	Christal	Gheeraert	41	cgheeraertmw@bravesites.com	Female	pending	4/9/2021	Canada	+1 352 726 3217
826	Dari	Sammons	51	dsammonsmx@google.nl	Female	pending	1/20/2019	Germany	+49 891 417 4743
827	Dorie	Scriviner	56	dscrivinermy@squarespace.com	Male	NULL	12/27/2016	Japan	+81 638 419 1882
828	Lauree	Armatys	37	larmatysmz@shinystat.com	Female	active	8/19/2022	Japan	+81 781 646 7232
829	Beverly	Luca	58	blucan0@fema.gov	Female	active		Japan	+81 669 386 2650
830	Elihu	Witherdon	21	ewitherdonn1@hao123.com	Male	NULL	1/7/2012	Cameroon	+237 998 821 3696
831	Georgeta	Aimable	60	gaimablen2@statcounter.com	Female	inactive	2/10/2015	Cameroon	+237 233 366 2643
832	Tristam	Dorgon	21	tdorgonn3@squidoo.com	Male	NULL	9/20/2015	Japan	+81 966 635 1809
833	Lincoln	Duggon	19	lduggonn4@yolasite.com	Male	NULL	5/7/2010	Japan	+81 285 692 2724
834	Corry	Rosenwald	51	crosenwaldn5@umich.edu	Female	inactive	10/29/2015	Canada	+1 701 437 8896
835	Slade	Forrestall	82	sforrestalln6@independent.co.uk	Male	inactive	1/29/2016	Czech Republic	+420 726 372 9226
836	Shannah	Battson	49	sbattsonn7@sitemeter.com	Female	active	12/4/2020	Germany	+49 444 608 0450
837	Constanta	Gregor	26	cgregorn8@unicef.org	Female	active	3/18/2020	Czech Republic	+420 942 439 9553
838	Krystalle	Foxton	37	kfoxtonn9@illinois.edu	Female	pending	1/18/2013	Canada	+1 811 456 7523
839	Christel	Haseldine	33	chaseldinena@yandex.ru	Female	active	1/8/2014	Japan	+81 139 223 8803
840	Burg	Adnam	50	badnamnb@example.com	Male	inactive	10/23/2010	Japan	+81 629 799 7934
841	Teressa	Sulland	65	tsullandnc@npr.org	Female	active	7/15/2021	Saudi Arabia	+966 279 137 8526
842	Jemima	Gilardi	19	jgilardind@patch.com	Female	NULL	3/23/2010	Cameroon	+237 745 202 3494
843	Freida	Callaghan	52	fcallaghanne@oaic.gov.au	Female	pending	4/15/2016	Japan	+81 932 380 3688
844	Gleda	Iacomettii	44	giacomettiinf@indiegogo.com	Female	active	6/21/2010	Czech Republic	+420 145 927 7010
845	Joey	Tattershall	35	jtattershallng@studiopress.com	Female	NULL	5/10/2023	Japan	+81 380 328 5288
846	Matthew	Longfield	77	mlongfieldnh@msu.edu	Genderfluid	inactive	2/7/2017	Japan	+81 193 688 2691
847	Cello	Michallat	21	cmichallatni@drupal.org	Male	active	1/22/2016	Czech Republic	+420 809 252 3271
848	Verene	Symmers	30	vsymmersnj@weebly.com	Female	inactive	4/2/2012	Canada	+1 880 775 3190
849	Angeli	Lembrick	29	alembricknk@myspace.com	Male	NULL	3/27/2020	Canada	+1 659 519 6814
850	Elias	Swanger	55	eswangernl@yellowbook.com	Male	pending	7/18/2013	Czech Republic	+420 875 945 6242
851	Perri	Doyle	44	pdoylenm@mlb.com	Female	pending	1/22/2023	Japan	+81 159 587 3072
852	Wilfred	Garioch	26	wgariochnn@apache.org	Male	pending	9/13/2021	Czech Republic	+420 438 499 5900
853	Barb	Sclater	38	bsclaterno@ftc.gov	Female	NULL	1/6/2010	Czech Republic	+420 207 972 4049
854	Hi	Domney	70	hdomneynp@live.com	Male	NULL	6/1/2015	Japan	+81 400 849 0193
855	Welbie	Russilll	26	wrussilllnq@google.com	Male	pending	6/13/2016	Canada	+1 836 891 6128
856	Norry	McPhilemy	69	nmcphilemynr@bigcartel.com	Female	NULL	5/4/2018	Czech Republic	+420 394 696 2603
857	Nelson	Kerrigan	75	nkerriganns@weibo.com	Male	inactive	8/25/2010	Cameroon	+237 907 326 1523
858	Jessamine	Fitzroy	33	jfitzroynt@buzzfeed.com	Female	NULL	11/2/2018	Czech Republic	+420 581 804 9551
859	Ola	Heskins	36	oheskinsnu@admin.ch	Female	NULL	1/29/2018	Canada	+1 640 866 7520
860	Nadeen	Lars	75	nlarsnv@vinaora.com	Female	pending	10/21/2020	Japan	+81 665 945 6963
861	Henryetta	Charkham	74	hcharkhamnw@is.gd	Female	active	6/23/2015	Canada	+1 729 464 2718
862	Piggy	Slyne	82	pslynenx@geocities.jp	Male	inactive	9/6/2023	Czech Republic	+420 198 633 1189
863	Bevin	Lyes	74	blyesny@gravatar.com	Male	pending	4/3/2016	Japan	+81 366 767 6395
864	Abba	Perrat	30	aperratnz@mozilla.com	Male	active	11/16/2020	Japan	+81 155 886 5255
865	Bria	Shadfourth	83	bshadfourtho0@nature.com	Female	active	7/9/2021	Japan	+81 112 284 4045
866	Aldric	Zorer	58	azorero1@shutterfly.com	Male	inactive	4/10/2021	Canada	+1 255 896 6902
867	Eleanore	Jevon	70	ejevono2@yale.edu	Female	active	7/9/2013	Canada	+1 503 643 8400
868	Burlie	Gerlts	53	bgerltso3@usatoday.com	Male	inactive	8/31/2015	Czech Republic	+420 651 387 0029
869	Welby	Dewerson	72	wdewersono4@technorati.com	Male	NULL	11/1/2012	Germany	+49 442 682 5174
870	Robbin	Colbran	57	rcolbrano5@bloglines.com	Female	inactive	8/4/2011	Japan	+81 329 803 0404
871	Dorothea	Ord	64	dordo6@xinhuanet.com	Genderfluid	pending	4/28/2011	Canada	+1 975 299 2741
872	Klaus	Haskins	41	khaskinso7@studiopress.com	Male	inactive	6/12/2011	Czech Republic	+420 276 482 9156
873	Dorelia	Duce	81	dduceo8@google.com.au	Female	pending	1/28/2015	Czech Republic	+420 705 170 2866
874	Hercule	Puddifer	23	hpuddifero9@ameblo.jp	Male	active	11/22/2015	Czech Republic	+420 136 525 1678
875	Wallas	Haimes	60	whaimesoa@ifeng.com	Male	inactive	12/9/2022	Czech Republic	+420 573 484 7798
876	Alyssa	Runnacles	33	arunnaclesob@quantcast.com	Female	active	1/29/2015	Canada	+1 621 232 0130
877	Arin	Warde	68	awardeoc@mashable.com	Male	inactive	9/3/2022	Japan	+81 476 743 2216
878	Shannon	Syce	25	ssyceod@dion.ne.jp	Male	pending	7/10/2016	Japan	+81 398 133 8803
879	Tam	Flowers	66	tflowersoe@ucoz.ru	Male	active	7/5/2010	Canada	+1 272 103 8033
880	Durward	Booth-Jarvis	69	dboothjarvisof@sohu.com	Male	inactive	11/21/2015	Canada	+1 333 833 0438
881	Sal	Terrans	27	sterransog@geocities.jp	Male	inactive	6/28/2019	Canada	+1 461 630 3892
882	Perry	Baversor	32	pbaversoroh@storify.com	Female	NULL	10/28/2021	Japan	+81 428 916 2819
883	Egor	Slaight	27	eslaightoi@t.co	Male	active	8/27/2012	Czech Republic	+420 795 485 5317
884	Lazaro	Philipet	39	lphilipetoj@newsvine.com	Male	active	8/22/2016	Japan	+81 672 127 0420
885	Gran	Barnsdall	67	gbarnsdallok@gizmodo.com	Male	active	7/30/2022	Japan	+81 616 847 9194
886	Jemmy	Duplock	43	jduplockol@economist.com	Female	active	5/10/2012	Japan	+81 369 490 1319
887	Ham	Matejovsky	51	hmatejovskyom@dion.ne.jp	Male	NULL	11/29/2015	Czech Republic	+420 240 928 9746
888	Agnese	Senogles	20	asenogleson@fc2.com	Female	NULL	1/10/2023	Czech Republic	+420 760 412 9145
889	Tuckie	Whyman	44	twhymanoo@topsy.com	Male	active	4/24/2015	Czech Republic	+420 744 797 4282
890	Archie	Shutle	23	ashutleop@1688.com	Male	inactive	10/12/2016	Canada	+1 527 954 6235
891	Janet	Clineck	39	jclineckoq@examiner.com	Non-binary	pending	4/5/2017	Japan	+81 146 115 5752
892	Gilbertina	Compson	19	gcompsonor@vistaprint.com	Genderqueer	active	12/9/2010	Czech Republic	+420 395 543 8236
893	Ilyssa	Gillings	73	igillingsos@google.com.br	Female	pending	10/27/2010	Japan	+81 407 881 9955
894	Valentina	Spear	81	vspearot@quantcast.com	Agender	NULL	2/1/2014	Germany	+49 714 486 8702
895	Griff	Pach	68	gpachou@sitemeter.com	Non-binary	NULL	9/28/2019	Czech Republic	+420 338 152 4487
896	Bard	Sowersby	81	bsowersbyov@elegantthemes.com	Male	pending	12/25/2016	Canada	+1 166 970 6315
897	Elenore	Bellwood	80	ebellwoodow@eventbrite.com	Female	pending	7/15/2015	Canada	+1 198 453 4256
898	Kynthia	Gocher	21	kgocherox@flavors.me	Female	active	11/10/2015	Japan	+81 641 367 2983
899	Carly	Kenen	20	ckenenoy@paypal.com	Male	active	9/16/2019	Czech Republic	+420 127 437 3181
900	Erik	Barsham	80	ebarshamoz@squarespace.com	Genderqueer	inactive	2/8/2023	Germany	+49 732 704 0318
901	Tome	Grouer	50	tgrouerp0@comsenz.com	Male	inactive	9/23/2023	Czech Republic	+420 586 194 5825
902	Clareta	Dagwell	68	cdagwellp1@aboutads.info	Female	inactive	6/26/2013	Germany	+49 983 840 2731
903	Allianora	Carlisi	61	acarlisip2@spiegel.de	Female	NULL	12/27/2014	Japan	+81 163 318 7007
904	Britta	Girodier	76	bgirodierp3@hostgator.com	Female	active	4/17/2014	Czech Republic	+420 681 652 5421
905	Casie	Beatson	57	cbeatsonp4@psu.edu	Female	NULL	10/24/2022	Czech Republic	+420 946 104 0362
906	Emiline	Brahms	22	ebrahmsp5@google.cn	Female	active	5/29/2020	Cameroon	+237 841 881 4291
907	Sherwynd	Colbran	83	scolbranp6@paypal.com	Male	inactive	5/17/2017	Czech Republic	+420 201 633 3769
908	Cecil	Rainbird	59	crainbirdp7@wsj.com	Female	inactive	7/11/2011	Czech Republic	+420 605 913 2657
909	Eddy	Dachs	62	edachsp8@addthis.com	Female	pending	8/5/2021	Czech Republic	+420 915 898 1018
910	Esther	Torrent	44	etorrentp9@dmoz.org	Female	pending	5/7/2011	Japan	+81 989 778 1824
911	Deloria	Mcwhinney	42	dmcwhinneypa@jugem.jp	Female	inactive	12/17/2017	Czech Republic	+420 525 729 8145
912	Kimbell	Llewelyn	46	kllewelynpb@linkedin.com	Male	inactive		Japan	+81 158 668 8141
913	Geoffrey	Dilger	31	gdilgerpc@feedburner.com	Polygender	pending	12/10/2021	Canada	+1 963 300 7436
914	Gallard	Quarmby	63	gquarmbypd@theglobeandmail.com	Bigender	inactive		Japan	+81 614 652 0144
915	Godfree	Ambrozik	62	gambrozikpe@dell.com	Male	NULL	3/14/2017	Czech Republic	+420 402 577 7543
916	Constanta	Rodenburgh	21	crodenburghpf@stanford.edu	Female	inactive	10/10/2022	Czech Republic	+420 111 741 1945
917	Rhys	Lune	57	rlunepg@cnn.com	Male	active		Czech Republic	+420 840 589 6469
918	Justino	Creamer	21	jcreamerph@va.gov	Male	active	7/31/2010	Czech Republic	+420 167 672 9930
919	Mendy	Unstead	41	munsteadpi@forbes.com	Agender	active	10/25/2016	Japan	+81 843 768 1945
920	Penelope	Samson	42	psamsonpj@delicious.com	Female	active	6/4/2011	Canada	+1 932 978 7922
921	Shepherd	Hills	46	shillspk@moonfruit.com	Male	active	12/5/2014	Japan	+81 269 182 5078
922	Ardith	Rainsdon	64	arainsdonpl@phoca.cz	Female	NULL	9/16/2019	Cameroon	+237 292 969 6556
923	Franklin	Spensly	28	fspenslypm@sourceforge.net	Male	NULL	5/19/2019	Cameroon	+237 840 479 0626
924	Fanya	Abbatucci	36	fabbatuccipn@blogspot.com	Female	pending	11/27/2011	Czech Republic	+420 648 398 6562
925	Lyle	Arnot	61	larnotpo@usnews.com	Male	inactive	2/28/2011	Japan	+81 472 954 0096
926	Karia	Brookfield	61	kbrookfieldpp@earthlink.net	Female	active	7/1/2021	Japan	+81 925 748 5998
927	Shadow	Neiland	39	sneilandpq@amazon.co.uk	Male	pending	11/26/2020	Czech Republic	+420 655 168 9922
928	Bronnie	Hugh	74	bhughpr@latimes.com	Male	inactive		Czech Republic	+420 704 932 3455
929	Daryl	Hatto	82	dhattops@skyrock.com	Female	NULL	10/27/2022	Canada	+1 189 177 4448
930	Rhys	Stoffers	53	rstofferspt@tmall.com	Bigender	pending	9/2/2018	Japan	+81 838 681 9212
931	Sissy	Whitear	80	swhitearpu@umn.edu	Female	inactive	9/10/2022	Czech Republic	+420 227 689 1103
932	Rad	Tacey	72	rtaceypv@linkedin.com	Male	pending	1/21/2012	Germany	+49 560 944 8282
933	Dall	Gilderoy	59	dgilderoypw@naver.com	Male	inactive	12/5/2022	Japan	+81 572 450 4503
934	Sisile	MacCathay	67	smaccathaypx@infoseek.co.jp	Female	NULL	7/20/2015	Czech Republic	+420 574 326 9466
935	Karna	Cherry	60	kcherrypy@eepurl.com	Female	inactive	3/28/2010	Czech Republic	+420 451 866 6924
936	Hildegaard	Rymill	70	hrymillpz@goo.gl	Female	NULL	2/12/2019	Czech Republic	+420 228 891 7404
937	Cristabel	Stair	44	cstairq0@marketwatch.com	Female	pending	1/15/2021	Czech Republic	+420 910 735 3671
938	Bambi	Shimmings	42	bshimmingsq1@qq.com	Female	pending	4/13/2015	Canada	+1 906 795 6047
939	Teddy	Dakin	40	tdakinq2@cnbc.com	Female	NULL	9/22/2018	Japan	+81 183 660 4135
940	Justine	Dolby	20	jdolbyq3@weather.com	Female	NULL	7/11/2010	Japan	+81 225 573 6740
941	Allegra	Simmonds	75	asimmondsq4@liveinternet.ru	Female	pending	5/3/2021	Canada	+1 631 472 4073
942	Marley	Verdun	41	mverdunq5@google.es	Female	NULL		Czech Republic	+420 609 134 9118
943	Wood	Gow	34	wgowq6@ezinearticles.com	Male	pending	12/3/2023	Czech Republic	+420 170 125 7817
944	Lianna	Farnell	47	lfarnellq7@nbcnews.com	Female	active	8/17/2014	Czech Republic	+420 167 529 0184
945	Bev	Dreye	45	bdreyeq8@usnews.com	Male	active	1/6/2015	Japan	+81 718 967 7075
946	Roxanna	Itzkov	27	ritzkovq9@yolasite.com	Female	pending	9/5/2015	Japan	+81 423 399 3149
947	Wallis	Valiant	33	wvaliantqa@google.pl	Female	NULL	10/3/2010	Canada	+1 364 417 6711
948	Dunn	Camplin	83	dcamplinqb@disqus.com	Male	pending		Japan	+81 460 605 8495
949	Benedikt	Wims	18	bwimsqc@digg.com	Male	pending	7/1/2018	Japan	+81 493 622 2073
950	Byrann	Alcock	32	balcockqd@homestead.com	Agender	active	8/27/2015	Czech Republic	+420 648 174 4062
951	Tyrus	Greensite	61	tgreensiteqe@yahoo.co.jp	Male	NULL	11/5/2019	Japan	+81 987 411 5398
952	Helga	Farherty	44	hfarhertyqf@newyorker.com	Female	NULL	1/4/2022	Czech Republic	+420 557 505 0497
953	Esta	Greenly	47	egreenlyqg@icq.com	Female	NULL	8/17/2018	Germany	+49 862 864 2069
954	Kira	Leask	64	kleaskqh@domainmarket.com	Female	pending	12/3/2012	Germany	+49 169 154 6553
955	Allin	Patriskson	35	apatrisksonqi@yale.edu	Male	pending	7/31/2012	Japan	+81 811 228 0854
956	Aluino	Laidel	53	alaidelqj@mtv.com	Male	NULL	4/18/2013	Japan	+81 431 318 4225
957	Derron	Rosenwasser	41	drosenwasserqk@lulu.com	Bigender	active	6/8/2019	Canada	+1 463 748 2466
958	Heidie	Iggulden	40	higguldenql@si.edu	Genderfluid	pending	1/11/2017	Czech Republic	+420 482 101 7269
959	Charleen	Skerman	38	cskermanqm@oracle.com	Agender	pending	12/14/2023	Czech Republic	+420 284 338 7493
960	Maurene	Plant	83	mplantqn@etsy.com	Female	NULL	5/25/2010	Japan	+81 618 843 6097
961	Wallis	Eddington	51	weddingtonqo@webs.com	Female	pending	2/6/2023	Cameroon	+237 702 452 0210
962	Arnie	Gateley	73	agateleyqp@imdb.com	Male	inactive	1/31/2012	Japan	+81 386 621 1838
963	Denni	Gotthard.sf	74	dgotthardsfqq@people.com.cn	Female	NULL	3/8/2019	Japan	+81 684 312 7549
964	Taffy	Clapison	30	tclapisonqr@feedburner.com	Female	pending	1/17/2019	Japan	+81 324 805 2734
965	Gretta	Ritter	29	gritterqs@alexa.com	Polygender	NULL	5/30/2010	Canada	+1 471 555 1298
966	Wilfrid	Jacqueminet	68	wjacqueminetqt@deliciousdays.com	Male	NULL	3/23/2018	Czech Republic	+420 779 827 7994
967	Lucio	Petrosian	59	lpetrosianqu@jiathis.com	Male	active	2/29/2016	Japan	+81 453 876 1397
968	Carmita	Blackbrough	77	cblackbroughqv@over-blog.com	Female	active	5/24/2016	Japan	+81 751 688 6631
969	Jacynth	Bertlin	28	jbertlinqw@blog.com	Female	NULL	8/26/2020	Japan	+81 148 159 3307
970	Em	Tankus	27	etankusqx@google.ca	Male	active	10/2/2012	Germany	+49 318 430 4714
971	Hiram	Groger	18	hgrogerqy@arstechnica.com	Male	NULL	11/22/2018	Germany	+49 644 299 8249
972	Frans	Ferroli	59	fferroliqz@vk.com	Male	active	2/8/2019	Czech Republic	+420 594 572 0835
973	Kiah	Aslet	43	kasletr0@seattletimes.com	Female	active	7/21/2010	Germany	+49 824 460 1637
974	Cornell	Rowland	38	crowlandr1@joomla.org	Male	pending	3/27/2013	Japan	+81 616 988 9887
975	Denver	Ciccotti	55	dciccottir2@cpanel.net	Male	pending	10/15/2016	Czech Republic	+420 526 569 6474
976	Tynan	Fedder	51	tfedderr3@hc360.com	Male	NULL	10/14/2015	Japan	+81 303 571 7931
977	Elisabet	Killelea	25	ekillelear4@alibaba.com	Female	active	11/2/2023	Czech Republic	+420 278 246 4762
978	Tomasina	Mockes	47	tmockesr5@spiegel.de	Female	active	9/8/2014	Czech Republic	+420 253 598 1895
979	Shadow	Verecker	70	svereckerr6@seattletimes.com	Male	active	5/22/2015	Czech Republic	+420 413 609 7198
980	Camilla	Fearenside	68	cfearensider7@technorati.com	Female	NULL	9/14/2012	Canada	+1 324 144 7373
981	Ulysses	Abrahart	48	uabrahartr8@dagondesign.com	Male	NULL	3/25/2010	Canada	+1 342 776 5031
982	Sanson	Cummine	28	scumminer9@princeton.edu	Male	NULL	2/7/2012	Canada	+1 309 427 0686
983	Lurlene	Bellsham	30	lbellshamra@psu.edu	Female	pending	5/18/2023	Czech Republic	+420 749 807 1320
984	Riley	Webberley	41	rwebberleyrb@admin.ch	Male	pending	8/11/2018	Canada	+1 264 794 5663
985	Josee	Overbury	65	joverburyrc@usatoday.com	Female	active	8/17/2020	Canada	+1 766 173 4642
986	Putnam	Foyle	30	pfoylerd@ameblo.jp	Male	NULL	6/4/2014	Germany	+49 862 135 8876
987	Elmer	Goolden	56	egooldenre@vinaora.com	Non-binary	inactive	1/21/2017	Czech Republic	+420 818 579 0200
988	Diena	Kalinke	75	dkalinkerf@washingtonpost.com	Female	pending	11/18/2012	Japan	+81 250 969 2657
989	Jules	Maddams	62	jmaddamsrg@cam.ac.uk	Male	inactive	7/26/2023	Czech Republic	+420 651 797 3705
990	Nonna	Warrington	43	nwarringtonrh@disqus.com	Female	pending	7/8/2022	Canada	+1 572 261 0940
991	Alysia	Yakunkin	52	ayakunkinri@xinhuanet.com	Female	pending	4/4/2022	Canada	+1 515 586 5660
992	Leoline	Evennett	45	levennettrj@zdnet.com	Agender	active	1/24/2014	Japan	+81 698 130 6138
993	Miof mela	Londesborough	34	mlondesboroughrk@deviantart.com	Female	active	11/5/2015	Canada	+1 743 771 1225
994	Ferguson	Cordaroy	71	fcordaroyrl@bloomberg.com	Male	inactive	10/11/2017	Czech Republic	+420 966 673 6566
995	Dame	Alves	56	dalvesrm@bing.com	Male	pending	3/27/2011	Czech Republic	+420 988 771 9663
996	Vince	Knudsen	48	vknudsenrn@fotki.com	Male	NULL	12/7/2015	Japan	+81 115 458 2827
997	Clint	MacGuigan	45	cmacguiganro@flickr.com	Male	NULL	9/12/2014	Japan	+81 327 125 4085
998	Gerek	Lantuff	67	glantuffrp@liveinternet.ru	Male	pending	2/21/2014	Japan	+81 986 365 9658
999	Nickie	Nornasell	41	nnornasellrq@jalbum.net	Female	inactive	11/17/2011	Saudi Arabia	+966 521 291 9059
1000	Carolee	Muttock	37	cmuttockrr@icio.us	Female	inactive	5/3/2020	Japan	+81 651 337 9737
